sample_idx,timestamp,ecg_value,spike_p,spike_n,fire,winner,ground_truth
0,2026-05-24T18:34:31.671,1988,1,0,,,
1,2026-05-24T18:34:31.687,1988,1,0,,,
2,2026-05-24T18:34:31.688,1988,0,0,,,
3,2026-05-24T18:34:31.688,1988,0,0,,,
4,2026-05-24T18:34:31.688,1988,0,0,,,
5,2026-05-24T18:34:31.688,1988,0,0,,,
6,2026-05-24T18:34:31.703,1988,0,0,,,
7,2026-05-24T18:34:31.703,1988,0,0,,,
8,2026-05-24T18:34:31.703,1998,1,0,,,
9,2026-05-24T18:34:31.703,1992,0,1,,,
10,2026-05-24T18:34:31.703,1988,0,1,,,
11,2026-05-24T18:34:31.703,1986,0,1,,,
12,2026-05-24T18:34:31.719,1981,1,0,,,
13,2026-05-24T18:34:31.719,1984,0,1,,,
14,2026-05-24T18:34:31.719,1981,1,0,,,
15,2026-05-24T18:34:31.719,1975,0,1,,,
16,2026-05-24T18:34:31.719,1973,0,1,,,
17,2026-05-24T18:34:31.719,1971,0,1,,,
18,2026-05-24T18:34:31.736,1977,1,0,,,+
19,2026-05-24T18:34:31.736,1984,0,1,,,
20,2026-05-24T18:34:31.736,1975,1,0,,,
21,2026-05-24T18:34:31.736,1973,0,1,,,
22,2026-05-24T18:34:31.736,1969,0,1,,,
23,2026-05-24T18:34:31.736,1973,1,0,,,
24,2026-05-24T18:34:31.751,1984,0,1,,,
25,2026-05-24T18:34:31.751,1992,1,0,,,
26,2026-05-24T18:34:31.751,1984,0,1,,,
27,2026-05-24T18:34:31.751,1969,1,0,,,
28,2026-05-24T18:34:31.751,1963,0,1,,,
29,2026-05-24T18:34:31.766,1951,0,1,,,
30,2026-05-24T18:34:31.766,1955,0,1,,,
31,2026-05-24T18:34:31.768,1947,1,0,,,
32,2026-05-24T18:34:31.768,1945,0,1,,,
33,2026-05-24T18:34:31.768,1941,0,1,,,
34,2026-05-24T18:34:31.768,1934,1,0,,,
35,2026-05-24T18:34:31.783,1934,0,1,,,
36,2026-05-24T18:34:31.783,1934,0,0,,,
37,2026-05-24T18:34:31.783,1938,0,1,,,
38,2026-05-24T18:34:31.783,1943,1,0,,,
39,2026-05-24T18:34:31.783,1938,0,1,,,
40,2026-05-24T18:34:31.783,1934,1,0,,,
41,2026-05-24T18:34:31.799,1928,0,1,,,
42,2026-05-24T18:34:31.799,1928,0,0,,,
43,2026-05-24T18:34:31.799,1928,0,0,,,
44,2026-05-24T18:34:31.799,1928,0,0,,,
45,2026-05-24T18:34:31.799,1930,1,0,,,
46,2026-05-24T18:34:31.815,1926,0,1,,,
47,2026-05-24T18:34:31.815,1922,0,1,,,
48,2026-05-24T18:34:31.815,1930,1,0,,,
49,2026-05-24T18:34:31.815,1934,1,0,,,
50,2026-05-24T18:34:31.815,1934,0,0,,,
51,2026-05-24T18:34:31.815,1932,0,1,,,
52,2026-05-24T18:34:31.831,1930,0,1,,,
53,2026-05-24T18:34:31.831,1922,0,1,,,
54,2026-05-24T18:34:31.831,1928,1,0,,,
55,2026-05-24T18:34:31.831,1924,0,1,,,
56,2026-05-24T18:34:31.831,1932,1,0,,,
57,2026-05-24T18:34:31.832,1928,0,1,,,
58,2026-05-24T18:34:31.848,1924,0,1,,,
59,2026-05-24T18:34:31.848,1918,1,0,,,
60,2026-05-24T18:34:31.848,1916,0,1,,,
61,2026-05-24T18:34:31.848,1910,0,1,,,
62,2026-05-24T18:34:31.848,1900,1,0,,,
63,2026-05-24T18:34:31.848,1889,0,1,,,
64,2026-05-24T18:34:31.864,1889,0,0,,,
65,2026-05-24T18:34:31.864,1881,1,0,,,
66,2026-05-24T18:34:31.864,1861,0,1,,,
67,2026-05-24T18:34:31.864,1848,0,1,,,
68,2026-05-24T18:34:31.864,1848,0,1,,,
69,2026-05-24T18:34:31.864,1873,0,1,,,
70,2026-05-24T18:34:31.880,1912,1,0,,,
71,2026-05-24T18:34:31.880,1957,1,0,,,
72,2026-05-24T18:34:31.880,2018,1,0,,,
73,2026-05-24T18:34:31.880,2096,1,0,,,
74,2026-05-24T18:34:31.880,2201,0,1,,,
75,2026-05-24T18:34:31.880,2301,1,0,,,
76,2026-05-24T18:34:31.896,2366,1,0,,,
77,2026-05-24T18:34:31.896,2391,0,1,,,N
78,2026-05-24T18:34:31.896,2360,1,0,,,
79,2026-05-24T18:34:31.896,2260,0,1,,,
80,2026-05-24T18:34:31.896,2117,1,0,,,
81,2026-05-24T18:34:31.912,1979,0,1,,,
82,2026-05-24T18:34:31.912,1898,1,0,,,
83,2026-05-24T18:34:31.912,1869,0,1,,,
84,2026-05-24T18:34:31.912,1873,0,1,,,
85,2026-05-24T18:34:31.912,1895,1,0,,,
86,2026-05-24T18:34:31.912,1912,1,0,,,
87,2026-05-24T18:34:31.927,1914,1,0,,,
88,2026-05-24T18:34:31.927,1910,0,1,,,
89,2026-05-24T18:34:31.927,1906,0,1,,,
90,2026-05-24T18:34:31.927,1912,1,0,,,
91,2026-05-24T18:34:31.927,1914,1,0,,,
92,2026-05-24T18:34:31.927,1918,1,0,,,
93,2026-05-24T18:34:31.943,1920,0,1,,,
94,2026-05-24T18:34:31.943,1916,1,0,,,
95,2026-05-24T18:34:31.943,1910,0,1,,,
96,2026-05-24T18:34:31.943,1908,0,1,,,
97,2026-05-24T18:34:31.943,1914,1,0,,,
98,2026-05-24T18:34:31.943,1906,0,1,,,
99,2026-05-24T18:34:31.960,1910,1,0,,,
100,2026-05-24T18:34:31.960,1912,1,0,,,
101,2026-05-24T18:34:31.960,1910,0,1,,,
102,2026-05-24T18:34:31.960,1912,1,0,,,
103,2026-05-24T18:34:31.960,1914,1,0,,,
104,2026-05-24T18:34:31.975,1912,0,1,,,
105,2026-05-24T18:34:31.975,1912,0,0,,,
106,2026-05-24T18:34:31.975,1906,0,1,,,
107,2026-05-24T18:34:31.975,1902,1,0,,,
108,2026-05-24T18:34:31.975,1910,0,1,,,
109,2026-05-24T18:34:31.975,1914,1,0,,,
110,2026-05-24T18:34:31.991,1922,0,1,,,
111,2026-05-24T18:34:31.991,1916,1,0,,,
112,2026-05-24T18:34:31.991,1916,0,1,,,
113,2026-05-24T18:34:31.991,1912,0,1,,,
114,2026-05-24T18:34:31.991,1908,0,1,,,
115,2026-05-24T18:34:31.991,1910,1,0,,,
116,2026-05-24T18:34:32.008,1908,0,1,,,
117,2026-05-24T18:34:32.008,1906,0,1,,,
118,2026-05-24T18:34:32.008,1902,1,0,,,
119,2026-05-24T18:34:32.008,1902,0,1,,,
120,2026-05-24T18:34:32.008,1908,0,1,,,
121,2026-05-24T18:34:32.008,1912,1,0,,,
122,2026-05-24T18:34:32.024,1912,0,0,,,
123,2026-05-24T18:34:32.024,1912,0,0,,,
124,2026-05-24T18:34:32.024,1908,0,1,,,
125,2026-05-24T18:34:32.024,1904,0,1,,,
126,2026-05-24T18:34:32.024,1914,1,0,,,
127,2026-05-24T18:34:32.039,1914,0,0,,,
128,2026-05-24T18:34:32.039,1912,0,1,,,
129,2026-05-24T18:34:32.039,1912,0,0,,,
130,2026-05-24T18:34:32.039,1910,0,1,,,
131,2026-05-24T18:34:32.039,1910,0,0,,,
132,2026-05-24T18:34:32.039,1908,0,1,,,
133,2026-05-24T18:34:32.055,1912,1,0,,,
134,2026-05-24T18:34:32.055,1908,0,1,,,
135,2026-05-24T18:34:32.055,1904,0,1,,,
136,2026-05-24T18:34:32.055,1902,1,0,,,
137,2026-05-24T18:34:32.056,1904,0,1,,,
138,2026-05-24T18:34:32.056,1906,1,0,,,
139,2026-05-24T18:34:32.071,1912,1,0,,,
140,2026-05-24T18:34:32.071,1916,1,0,,,
141,2026-05-24T18:34:32.071,1910,0,1,,,
142,2026-05-24T18:34:32.071,1912,1,0,,,
143,2026-05-24T18:34:32.071,1906,0,1,,,
144,2026-05-24T18:34:32.087,1912,1,0,,,
145,2026-05-24T18:34:32.088,1910,0,1,,,
146,2026-05-24T18:34:32.088,1910,0,0,,,
147,2026-05-24T18:34:32.088,1906,0,1,,,
148,2026-05-24T18:34:32.088,1906,0,0,,,
149,2026-05-24T18:34:32.088,1902,1,0,,,
150,2026-05-24T18:34:32.103,1908,0,1,,,
151,2026-05-24T18:34:32.103,1908,1,0,,,
152,2026-05-24T18:34:32.103,1910,1,0,,,
153,2026-05-24T18:34:32.103,1912,1,0,,,
154,2026-05-24T18:34:32.103,1904,0,1,,,
155,2026-05-24T18:34:32.103,1904,0,0,,,
156,2026-05-24T18:34:32.119,1906,1,0,,,
157,2026-05-24T18:34:32.119,1910,1,0,,,
158,2026-05-24T18:34:32.119,1910,0,0,,,
159,2026-05-24T18:34:32.119,1910,0,0,,,
160,2026-05-24T18:34:32.119,1904,0,1,,,
161,2026-05-24T18:34:32.119,1902,1,0,,,
162,2026-05-24T18:34:32.135,1902,0,1,,,
163,2026-05-24T18:34:32.135,1906,0,1,,,
164,2026-05-24T18:34:32.135,1906,1,0,,,
165,2026-05-24T18:34:32.135,1910,1,0,,,
166,2026-05-24T18:34:32.135,1904,0,1,,,
167,2026-05-24T18:34:32.135,1900,1,0,,,
168,2026-05-24T18:34:32.151,1900,0,1,,,
169,2026-05-24T18:34:32.151,1900,0,0,,,
170,2026-05-24T18:34:32.151,1898,0,1,,,
171,2026-05-24T18:34:32.151,1900,1,0,,,
172,2026-05-24T18:34:32.151,1895,0,1,,,
173,2026-05-24T18:34:32.167,1889,0,1,,,
174,2026-05-24T18:34:32.167,1895,1,0,,,
175,2026-05-24T18:34:32.167,1900,1,0,,,
176,2026-05-24T18:34:32.167,1902,1,0,,,
177,2026-05-24T18:34:32.168,1900,0,1,,,
178,2026-05-24T18:34:32.168,1893,0,1,,,
179,2026-05-24T18:34:32.183,1893,0,0,,,
180,2026-05-24T18:34:32.183,1898,1,0,,,
181,2026-05-24T18:34:32.183,1898,0,0,,,
182,2026-05-24T18:34:32.183,1900,1,0,,,
183,2026-05-24T18:34:32.183,1900,0,0,,,
184,2026-05-24T18:34:32.183,1898,0,1,,,
185,2026-05-24T18:34:32.200,1895,0,1,,,
186,2026-05-24T18:34:32.200,1902,1,0,,,
187,2026-05-24T18:34:32.200,1912,0,1,,,
188,2026-05-24T18:34:32.200,1914,1,0,,,
189,2026-05-24T18:34:32.200,1914,0,0,,,
190,2026-05-24T18:34:32.200,1910,0,1,,,
191,2026-05-24T18:34:32.215,1908,0,1,,,
192,2026-05-24T18:34:32.215,1918,1,0,,,
193,2026-05-24T18:34:32.215,1924,0,1,,,
194,2026-05-24T18:34:32.215,1924,1,0,,,
195,2026-05-24T18:34:32.215,1928,1,0,,,
196,2026-05-24T18:34:32.216,1926,0,1,,,
197,2026-05-24T18:34:32.232,1928,1,0,,,
198,2026-05-24T18:34:32.232,1930,1,0,,,
199,2026-05-24T18:34:32.232,1934,1,0,,,
200,2026-05-24T18:34:32.232,1943,0,1,,,
201,2026-05-24T18:34:32.232,1945,1,0,,,
202,2026-05-24T18:34:32.247,1945,0,0,,,
203,2026-05-24T18:34:32.247,1938,0,1,,,
204,2026-05-24T18:34:32.247,1943,1,0,,,
205,2026-05-24T18:34:32.247,1947,1,0,,,
206,2026-05-24T18:34:32.247,1953,0,1,,,
207,2026-05-24T18:34:32.247,1947,1,0,,,
208,2026-05-24T18:34:32.264,1947,0,1,,,
209,2026-05-24T18:34:32.264,1943,0,1,,,
210,2026-05-24T18:34:32.264,1943,0,0,,,
211,2026-05-24T18:34:32.264,1949,1,0,,,
212,2026-05-24T18:34:32.264,1945,0,1,,,
213,2026-05-24T18:34:32.264,1943,0,1,,,
214,2026-05-24T18:34:32.280,1947,1,0,,,
215,2026-05-24T18:34:32.280,1943,0,1,,,
216,2026-05-24T18:34:32.280,1945,1,0,,,
217,2026-05-24T18:34:32.280,1945,0,0,,,
218,2026-05-24T18:34:32.280,1938,0,1,,,
219,2026-05-24T18:34:32.295,1941,1,0,,,
220,2026-05-24T18:34:32.295,1941,0,0,,,
221,2026-05-24T18:34:32.296,1938,0,1,,,
222,2026-05-24T18:34:32.296,1936,0,1,,,
223,2026-05-24T18:34:32.296,1938,1,0,,,
224,2026-05-24T18:34:32.296,1941,1,0,,,
225,2026-05-24T18:34:32.311,1934,1,0,,,
226,2026-05-24T18:34:32.311,1932,0,1,,,
227,2026-05-24T18:34:32.311,1928,0,1,,,
228,2026-05-24T18:34:32.311,1934,1,0,,,
229,2026-05-24T18:34:32.311,1936,0,1,,,
230,2026-05-24T18:34:32.311,1941,1,0,,,
231,2026-05-24T18:34:32.328,1932,1,0,,,
232,2026-05-24T18:34:32.328,1932,0,1,,,
233,2026-05-24T18:34:32.328,1930,0,1,,,
234,2026-05-24T18:34:32.328,1934,1,0,,,
235,2026-05-24T18:34:32.328,1934,0,0,,,
236,2026-05-24T18:34:32.328,1938,0,1,,,
237,2026-05-24T18:34:32.343,1936,1,0,,,
238,2026-05-24T18:34:32.343,1930,1,0,,,
239,2026-05-24T18:34:32.343,1928,0,1,,,
240,2026-05-24T18:34:32.343,1932,1,0,,,
241,2026-05-24T18:34:32.343,1934,1,0,,,
242,2026-05-24T18:34:32.343,1930,0,1,,,
243,2026-05-24T18:34:32.360,1932,1,0,,,
244,2026-05-24T18:34:32.360,1924,0,1,,,
245,2026-05-24T18:34:32.360,1924,0,0,,,
246,2026-05-24T18:34:32.360,1922,0,1,,,
247,2026-05-24T18:34:32.360,1926,1,0,,,
248,2026-05-24T18:34:32.376,1924,0,1,,,
249,2026-05-24T18:34:32.376,1920,0,1,,,
250,2026-05-24T18:34:32.376,1920,0,0,,,
251,2026-05-24T18:34:32.376,1922,1,0,,,
252,2026-05-24T18:34:32.376,1926,1,0,,,
253,2026-05-24T18:34:32.376,1930,1,0,,,
254,2026-05-24T18:34:32.391,1930,0,0,,,
255,2026-05-24T18:34:32.391,1928,0,1,,,
256,2026-05-24T18:34:32.391,1926,0,1,,,
257,2026-05-24T18:34:32.391,1920,0,1,,,
258,2026-05-24T18:34:32.391,1928,1,0,,,
259,2026-05-24T18:34:32.391,1926,0,1,,,
260,2026-05-24T18:34:32.408,1924,0,1,,,
261,2026-05-24T18:34:32.408,1922,0,1,,,
262,2026-05-24T18:34:32.408,1920,0,1,,,
263,2026-05-24T18:34:32.408,1914,1,0,,,
264,2026-05-24T18:34:32.408,1920,0,1,,,
265,2026-05-24T18:34:32.423,1924,1,0,,,
266,2026-05-24T18:34:32.424,1928,1,0,,,
267,2026-05-24T18:34:32.424,1920,0,1,,,
268,2026-05-24T18:34:32.424,1914,1,0,,,
269,2026-05-24T18:34:32.424,1912,0,1,,,
270,2026-05-24T18:34:32.424,1918,1,0,,,
271,2026-05-24T18:34:32.439,1924,0,1,,,
272,2026-05-24T18:34:32.439,1922,1,0,,,
273,2026-05-24T18:34:32.439,1920,0,1,,,
274,2026-05-24T18:34:32.439,1916,1,0,,,
275,2026-05-24T18:34:32.439,1912,0,1,,,
276,2026-05-24T18:34:32.439,1914,1,0,,,
277,2026-05-24T18:34:32.456,1918,1,0,,,
278,2026-05-24T18:34:32.456,1920,0,1,,,
279,2026-05-24T18:34:32.456,1922,1,0,,,
280,2026-05-24T18:34:32.456,1922,0,0,,,
281,2026-05-24T18:34:32.456,1920,0,1,,,
282,2026-05-24T18:34:32.456,1924,1,0,,,
283,2026-05-24T18:34:32.472,1922,0,1,,,
284,2026-05-24T18:34:32.472,1928,1,0,,,
285,2026-05-24T18:34:32.472,1924,0,1,,,
286,2026-05-24T18:34:32.472,1924,0,0,,,
287,2026-05-24T18:34:32.472,1922,0,1,,,
288,2026-05-24T18:34:32.472,1922,0,0,,,
289,2026-05-24T18:34:32.487,1928,1,0,,,
290,2026-05-24T18:34:32.487,1932,1,0,,,
291,2026-05-24T18:34:32.487,1926,0,1,,,
292,2026-05-24T18:34:32.487,1922,0,1,,,
293,2026-05-24T18:34:32.487,1918,1,0,,,
294,2026-05-24T18:34:32.503,1922,0,1,,,
295,2026-05-24T18:34:32.503,1926,1,0,,,
296,2026-05-24T18:34:32.503,1928,1,0,,,
297,2026-05-24T18:34:32.503,1932,1,0,,,
298,2026-05-24T18:34:32.503,1936,0,1,,,
299,2026-05-24T18:34:32.503,1934,1,0,,,
300,2026-05-24T18:34:32.519,1934,0,1,,,
301,2026-05-24T18:34:32.519,1936,0,1,,,
302,2026-05-24T18:34:32.519,1945,1,0,,,
303,2026-05-24T18:34:32.519,1945,0,0,,,
304,2026-05-24T18:34:32.519,1943,0,1,,,
305,2026-05-24T18:34:32.519,1955,0,1,,,
306,2026-05-24T18:34:32.535,1957,1,0,,,
307,2026-05-24T18:34:32.535,1963,1,0,,,
308,2026-05-24T18:34:32.535,1965,1,0,,,
309,2026-05-24T18:34:32.535,1963,0,1,,,
310,2026-05-24T18:34:32.535,1959,0,1,,,
311,2026-05-24T18:34:32.535,1953,0,1,,,
312,2026-05-24T18:34:32.551,1957,1,0,,,
313,2026-05-24T18:34:32.551,1955,0,1,,,
314,2026-05-24T18:34:32.551,1955,0,0,,,
315,2026-05-24T18:34:32.551,1955,0,0,,,
316,2026-05-24T18:34:32.551,1953,0,1,,,
317,2026-05-24T18:34:32.567,1951,1,0,,,
318,2026-05-24T18:34:32.567,1949,0,1,,,
319,2026-05-24T18:34:32.567,1951,1,0,,,
320,2026-05-24T18:34:32.567,1957,0,1,,,
321,2026-05-24T18:34:32.567,1961,1,0,,,
322,2026-05-24T18:34:32.567,1963,1,0,,,
323,2026-05-24T18:34:32.583,1947,0,0,,,
324,2026-05-24T18:34:32.583,1930,0,1,,,
325,2026-05-24T18:34:32.583,1930,0,1,,,
326,2026-05-24T18:34:32.584,1924,0,1,,,
327,2026-05-24T18:34:32.584,1920,0,1,,,
328,2026-05-24T18:34:32.584,1912,1,0,,,
329,2026-05-24T18:34:32.599,1912,0,1,,,
330,2026-05-24T18:34:32.599,1914,1,0,,,
331,2026-05-24T18:34:32.599,1918,1,0,,,
332,2026-05-24T18:34:32.599,1916,0,1,,,
333,2026-05-24T18:34:32.599,1918,1,0,,,
334,2026-05-24T18:34:32.599,1914,0,1,,,
335,2026-05-24T18:34:32.615,1908,0,1,,,
336,2026-05-24T18:34:32.615,1906,0,1,,,
337,2026-05-24T18:34:32.615,1908,1,0,,,
338,2026-05-24T18:34:32.615,1908,0,0,,,
339,2026-05-24T18:34:32.615,1904,0,1,,,
340,2026-05-24T18:34:32.632,1906,1,0,,,
341,2026-05-24T18:34:32.632,1902,1,0,,,
342,2026-05-24T18:34:32.632,1912,0,1,,,
343,2026-05-24T18:34:32.632,1910,1,0,,,
344,2026-05-24T18:34:32.632,1912,1,0,,,
345,2026-05-24T18:34:32.632,1916,1,0,,,
346,2026-05-24T18:34:32.647,1906,0,1,,,
347,2026-05-24T18:34:32.647,1902,1,0,,,
348,2026-05-24T18:34:32.647,1908,0,1,,,
349,2026-05-24T18:34:32.647,1912,1,0,,,
350,2026-05-24T18:34:32.647,1914,1,0,,,
351,2026-05-24T18:34:32.647,1912,0,1,,,
352,2026-05-24T18:34:32.663,1904,0,1,,,
353,2026-05-24T18:34:32.663,1898,1,0,,,
354,2026-05-24T18:34:32.663,1900,0,1,,,
355,2026-05-24T18:34:32.663,1891,0,1,,,
356,2026-05-24T18:34:32.663,1873,0,1,,,
357,2026-05-24T18:34:32.663,1865,0,1,,,
358,2026-05-24T18:34:32.679,1852,0,1,,,
359,2026-05-24T18:34:32.679,1838,0,1,,,
360,2026-05-24T18:34:32.680,1828,0,1,,,
361,2026-05-24T18:34:32.680,1840,0,1,,,
362,2026-05-24T18:34:32.680,1877,1,0,,,
363,2026-05-24T18:34:32.680,1924,1,0,,,
364,2026-05-24T18:34:32.695,1981,1,0,,,
365,2026-05-24T18:34:32.695,2041,1,0,,,
366,2026-05-24T18:34:32.695,2143,1,0,,,
367,2026-05-24T18:34:32.696,2248,0,1,,,
368,2026-05-24T18:34:32.696,2342,1,0,,,
369,2026-05-24T18:34:32.712,2405,0,1,,,
370,2026-05-24T18:34:32.712,2432,1,0,,,N
371,2026-05-24T18:34:32.712,2418,1,0,,,
372,2026-05-24T18:34:32.712,2356,0,1,,,
373,2026-05-24T18:34:32.712,2248,0,1,,,
374,2026-05-24T18:34:32.712,2115,1,0,,,
375,2026-05-24T18:34:32.728,2002,0,1,,,
376,2026-05-24T18:34:32.728,1936,1,0,,,
377,2026-05-24T18:34:32.728,1887,0,1,,,
378,2026-05-24T18:34:32.728,1863,0,1,,,
379,2026-05-24T18:34:32.728,1852,0,1,,,
380,2026-05-24T18:34:32.728,1861,0,1,,,
381,2026-05-24T18:34:32.743,1873,1,0,,,
382,2026-05-24T18:34:32.743,1887,1,0,,,
383,2026-05-24T18:34:32.743,1887,0,0,,,
384,2026-05-24T18:34:32.743,1889,0,1,,,
385,2026-05-24T18:34:32.743,1887,1,0,,,
386,2026-05-24T18:34:32.759,1891,0,1,,,
387,2026-05-24T18:34:32.759,1891,1,0,,,
388,2026-05-24T18:34:32.759,1891,0,0,,,
389,2026-05-24T18:34:32.759,1885,1,0,,,
390,2026-05-24T18:34:32.759,1889,0,1,,,
391,2026-05-24T18:34:32.759,1889,1,0,,,
392,2026-05-24T18:34:32.775,1889,0,0,,,
393,2026-05-24T18:34:32.775,1893,1,0,,,
394,2026-05-24T18:34:32.775,1885,1,0,,,
395,2026-05-24T18:34:32.775,1879,0,1,,,
396,2026-05-24T18:34:32.775,1879,0,0,,,
397,2026-05-24T18:34:32.775,1883,1,0,,,
398,2026-05-24T18:34:32.791,1885,1,0,,,
399,2026-05-24T18:34:32.791,1887,1,0,,,
400,2026-05-24T18:34:32.791,1881,0,1,,,
401,2026-05-24T18:34:32.791,1885,1,0,,,
402,2026-05-24T18:34:32.791,1889,0,1,,,
403,2026-05-24T18:34:32.791,1893,1,0,,,
404,2026-05-24T18:34:32.808,1887,1,0,,,
405,2026-05-24T18:34:32.808,1887,0,1,,,
406,2026-05-24T18:34:32.808,1881,0,1,,,
407,2026-05-24T18:34:32.808,1879,0,1,,,
408,2026-05-24T18:34:32.808,1879,0,0,,,
409,2026-05-24T18:34:32.824,1887,1,0,,,
410,2026-05-24T18:34:32.824,1887,0,0,,,
411,2026-05-24T18:34:32.824,1885,0,1,,,
412,2026-05-24T18:34:32.824,1881,0,1,,,
413,2026-05-24T18:34:32.824,1877,0,1,,,
414,2026-05-24T18:34:32.824,1883,1,0,,,
415,2026-05-24T18:34:32.840,1879,0,1,,,
416,2026-05-24T18:34:32.840,1881,1,0,,,
417,2026-05-24T18:34:32.840,1879,0,1,,,
418,2026-05-24T18:34:32.840,1877,0,1,,,
419,2026-05-24T18:34:32.840,1879,1,0,,,
420,2026-05-24T18:34:32.840,1883,1,0,,,
421,2026-05-24T18:34:32.855,1883,0,0,,,
422,2026-05-24T18:34:32.856,1885,1,0,,,
423,2026-05-24T18:34:32.856,1887,1,0,,,
424,2026-05-24T18:34:32.856,1881,0,1,,,
425,2026-05-24T18:34:32.856,1879,0,1,,,
426,2026-05-24T18:34:32.856,1887,1,0,,,
427,2026-05-24T18:34:32.871,1887,0,0,,,
428,2026-05-24T18:34:32.872,1889,0,1,,,
429,2026-05-24T18:34:32.872,1889,1,0,,,
430,2026-05-24T18:34:32.872,1879,1,0,,,
431,2026-05-24T18:34:32.872,1881,0,1,,,
432,2026-05-24T18:34:32.887,1885,1,0,,,
433,2026-05-24T18:34:32.887,1887,1,0,,,
434,2026-05-24T18:34:32.887,1893,0,1,,,
435,2026-05-24T18:34:32.887,1887,1,0,,,
436,2026-05-24T18:34:32.887,1885,0,1,,,
437,2026-05-24T18:34:32.887,1879,0,1,,,
438,2026-05-24T18:34:32.903,1883,1,0,,,
439,2026-05-24T18:34:32.903,1887,1,0,,,
440,2026-05-24T18:34:32.903,1887,0,0,,,
441,2026-05-24T18:34:32.903,1889,0,1,,,
442,2026-05-24T18:34:32.903,1881,1,0,,,
443,2026-05-24T18:34:32.903,1877,0,1,,,
444,2026-05-24T18:34:32.919,1877,0,0,,,
445,2026-05-24T18:34:32.919,1883,1,0,,,
446,2026-05-24T18:34:32.919,1885,1,0,,,
447,2026-05-24T18:34:32.919,1881,0,1,,,
448,2026-05-24T18:34:32.919,1877,0,1,,,
449,2026-05-24T18:34:32.919,1875,0,1,,,
450,2026-05-24T18:34:32.935,1875,0,0,,,
451,2026-05-24T18:34:32.935,1879,1,0,,,
452,2026-05-24T18:34:32.935,1877,0,1,,,
453,2026-05-24T18:34:32.935,1873,0,1,,,
454,2026-05-24T18:34:32.935,1875,1,0,,,
455,2026-05-24T18:34:32.935,1869,1,0,,,
456,2026-05-24T18:34:32.952,1871,0,1,,,
457,2026-05-24T18:34:32.952,1871,0,0,,,
458,2026-05-24T18:34:32.952,1875,0,1,,,
459,2026-05-24T18:34:32.952,1871,1,0,,,
460,2026-05-24T18:34:32.952,1863,0,1,,,
461,2026-05-24T18:34:32.967,1861,0,1,,,
462,2026-05-24T18:34:32.967,1863,1,0,,,
463,2026-05-24T18:34:32.967,1869,1,0,,,
464,2026-05-24T18:34:32.967,1865,0,1,,,
465,2026-05-24T18:34:32.967,1863,0,1,,,
466,2026-05-24T18:34:32.967,1861,0,1,,,
467,2026-05-24T18:34:32.983,1855,1,0,,,
468,2026-05-24T18:34:32.983,1859,0,1,,,
469,2026-05-24T18:34:32.983,1861,1,0,,,
470,2026-05-24T18:34:32.983,1863,1,0,,,
471,2026-05-24T18:34:32.983,1861,0,1,,,
472,2026-05-24T18:34:32.983,1855,1,0,,,
473,2026-05-24T18:34:32.999,1852,0,1,,,
474,2026-05-24T18:34:32.999,1859,0,1,,,
475,2026-05-24T18:34:33.000,1863,1,0,,,
476,2026-05-24T18:34:33.000,1865,1,0,,,
477,2026-05-24T18:34:33.000,1867,1,0,,,
478,2026-05-24T18:34:33.016,1869,1,0,,,
479,2026-05-24T18:34:33.016,1867,0,1,,,
480,2026-05-24T18:34:33.016,1879,0,1,,,
481,2026-05-24T18:34:33.016,1885,1,0,,,
482,2026-05-24T18:34:33.016,1895,0,1,,,
483,2026-05-24T18:34:33.016,1898,1,0,,,
484,2026-05-24T18:34:33.032,1900,1,0,,,
485,2026-05-24T18:34:33.032,1898,0,1,,,
486,2026-05-24T18:34:33.032,1908,0,1,,,
487,2026-05-24T18:34:33.032,1914,1,0,,,
488,2026-05-24T18:34:33.032,1918,1,0,,,
489,2026-05-24T18:34:33.032,1916,0,1,,,
490,2026-05-24T18:34:33.048,1912,0,1,,,
491,2026-05-24T18:34:33.048,1912,0,0,,,
492,2026-05-24T18:34:33.048,1916,1,0,,,
493,2026-05-24T18:34:33.048,1920,0,1,,,
494,2026-05-24T18:34:33.048,1924,1,0,,,
495,2026-05-24T18:34:33.048,1924,0,0,,,
496,2026-05-24T18:34:33.063,1916,1,0,,,
497,2026-05-24T18:34:33.063,1916,0,1,,,
498,2026-05-24T18:34:33.063,1918,1,0,,,
499,2026-05-24T18:34:33.063,1922,0,1,,,
500,2026-05-24T18:34:33.063,1922,1,0,,,
501,2026-05-24T18:34:33.063,1926,1,0,,,
502,2026-05-24T18:34:33.080,1916,1,0,,,
503,2026-05-24T18:34:33.080,1912,0,1,,,
504,2026-05-24T18:34:33.080,1922,0,1,,,
505,2026-05-24T18:34:33.080,1920,1,0,,,
506,2026-05-24T18:34:33.080,1924,1,0,,,
507,2026-05-24T18:34:33.095,1924,0,0,,,
508,2026-05-24T18:34:33.096,1916,1,0,,,
509,2026-05-24T18:34:33.096,1914,0,1,,,
510,2026-05-24T18:34:33.096,1920,0,1,,,
511,2026-05-24T18:34:33.097,1922,1,0,,,
512,2026-05-24T18:34:33.097,1918,1,0,,,
513,2026-05-24T18:34:33.111,1922,0,1,,,
514,2026-05-24T18:34:33.111,1918,1,0,,,
515,2026-05-24T18:34:33.111,1918,0,1,,,
516,2026-05-24T18:34:33.111,1920,0,1,,,
517,2026-05-24T18:34:33.111,1926,1,0,,,
518,2026-05-24T18:34:33.111,1928,1,0,,,
519,2026-05-24T18:34:33.128,1922,0,1,,,
520,2026-05-24T18:34:33.128,1920,0,1,,,
521,2026-05-24T18:34:33.128,1916,1,0,,,
522,2026-05-24T18:34:33.128,1918,0,1,,,
523,2026-05-24T18:34:33.128,1924,0,1,,,
524,2026-05-24T18:34:33.128,1918,1,0,,,
525,2026-05-24T18:34:33.143,1918,0,1,,,
526,2026-05-24T18:34:33.144,1918,0,0,,,
527,2026-05-24T18:34:33.144,1912,0,1,,,
528,2026-05-24T18:34:33.144,1918,1,0,,,
529,2026-05-24T18:34:33.144,1916,0,1,,,
530,2026-05-24T18:34:33.160,1918,1,0,,,
531,2026-05-24T18:34:33.160,1914,0,1,,,
532,2026-05-24T18:34:33.160,1910,0,1,,,
533,2026-05-24T18:34:33.160,1908,0,1,,,
534,2026-05-24T18:34:33.160,1910,1,0,,,
535,2026-05-24T18:34:33.160,1910,0,0,,,
536,2026-05-24T18:34:33.175,1912,1,0,,,
537,2026-05-24T18:34:33.175,1914,1,0,,,
538,2026-05-24T18:34:33.175,1906,0,1,,,
539,2026-05-24T18:34:33.175,1904,0,1,,,
540,2026-05-24T18:34:33.175,1906,1,0,,,
541,2026-05-24T18:34:33.175,1910,1,0,,,
542,2026-05-24T18:34:33.192,1912,1,0,,,
543,2026-05-24T18:34:33.192,1912,0,0,,,
544,2026-05-24T18:34:33.192,1906,0,1,,,
545,2026-05-24T18:34:33.192,1906,0,0,,,
546,2026-05-24T18:34:33.192,1906,0,0,,,
547,2026-05-24T18:34:33.192,1916,1,0,,,
548,2026-05-24T18:34:33.207,1912,0,1,,,
549,2026-05-24T18:34:33.207,1910,0,1,,,
550,2026-05-24T18:34:33.207,1908,0,1,,,
551,2026-05-24T18:34:33.207,1902,1,0,,,
552,2026-05-24T18:34:33.207,1910,0,1,,,
553,2026-05-24T18:34:33.224,1912,1,0,,,
554,2026-05-24T18:34:33.224,1912,0,0,,,
555,2026-05-24T18:34:33.224,1910,0,1,,,
556,2026-05-24T18:34:33.224,1902,1,0,,,
557,2026-05-24T18:34:33.225,1900,0,1,,,
558,2026-05-24T18:34:33.225,1902,1,0,,,
559,2026-05-24T18:34:33.239,1904,0,1,,,
560,2026-05-24T18:34:33.239,1908,1,0,,,
561,2026-05-24T18:34:33.239,1906,0,1,,,
562,2026-05-24T18:34:33.239,1906,0,0,,,
563,2026-05-24T18:34:33.239,1906,0,0,,,
564,2026-05-24T18:34:33.239,1906,0,0,,,
565,2026-05-24T18:34:33.255,1912,1,0,,,
566,2026-05-24T18:34:33.255,1912,0,0,,,
567,2026-05-24T18:34:33.255,1910,0,1,,,
568,2026-05-24T18:34:33.255,1906,0,1,,,
569,2026-05-24T18:34:33.255,1904,0,1,,,
570,2026-05-24T18:34:33.255,1904,0,0,,,
571,2026-05-24T18:34:33.271,1908,1,0,,,
572,2026-05-24T18:34:33.271,1912,1,0,,,
573,2026-05-24T18:34:33.272,1906,0,1,,,
574,2026-05-24T18:34:33.272,1906,0,0,,,
575,2026-05-24T18:34:33.272,1902,1,0,,,
576,2026-05-24T18:34:33.272,1904,0,1,,,
577,2026-05-24T18:34:33.287,1908,1,0,,,
578,2026-05-24T18:34:33.287,1912,1,0,,,
579,2026-05-24T18:34:33.287,1908,0,1,,,
580,2026-05-24T18:34:33.287,1908,0,0,,,
581,2026-05-24T18:34:33.288,1908,0,0,,,
582,2026-05-24T18:34:33.302,1912,1,0,,,
583,2026-05-24T18:34:33.302,1910,0,1,,,
584,2026-05-24T18:34:33.302,1912,1,0,,,
585,2026-05-24T18:34:33.302,1910,0,1,,,
586,2026-05-24T18:34:33.302,1906,0,1,,,
587,2026-05-24T18:34:33.302,1906,0,0,,,
588,2026-05-24T18:34:33.319,1908,1,0,,,
589,2026-05-24T18:34:33.319,1912,1,0,,,
590,2026-05-24T18:34:33.319,1918,1,0,,,
591,2026-05-24T18:34:33.319,1926,0,1,,,
592,2026-05-24T18:34:33.319,1924,1,0,,,
593,2026-05-24T18:34:33.319,1926,1,0,,,
594,2026-05-24T18:34:33.336,1930,1,0,,,
595,2026-05-24T18:34:33.336,1934,1,0,,,
596,2026-05-24T18:34:33.336,1938,0,1,,,
597,2026-05-24T18:34:33.336,1938,1,0,,,
598,2026-05-24T18:34:33.336,1938,0,0,,,
599,2026-05-24T18:34:33.336,1943,1,0,,,
600,2026-05-24T18:34:33.351,1945,1,0,,,
601,2026-05-24T18:34:33.351,1949,1,0,,,
602,2026-05-24T18:34:33.351,1955,0,1,,,
603,2026-05-24T18:34:33.351,1959,1,0,,,
604,2026-05-24T18:34:33.351,1949,1,0,,,
605,2026-05-24T18:34:33.367,1947,0,1,,,
606,2026-05-24T18:34:33.367,1949,1,0,,,
607,2026-05-24T18:34:33.367,1947,0,1,,,
608,2026-05-24T18:34:33.367,1951,1,0,,,
609,2026-05-24T18:34:33.367,1947,0,1,,,
610,2026-05-24T18:34:33.367,1945,0,1,,,
611,2026-05-24T18:34:33.383,1934,1,0,,,
612,2026-05-24T18:34:33.383,1934,0,1,,,
613,2026-05-24T18:34:33.383,1938,0,1,,,
614,2026-05-24T18:34:33.383,1945,1,0,,,
615,2026-05-24T18:34:33.383,1955,0,1,,,
616,2026-05-24T18:34:33.383,1957,1,0,,,
617,2026-05-24T18:34:33.400,1953,0,1,,,
618,2026-05-24T18:34:33.400,1938,1,0,,,
619,2026-05-24T18:34:33.400,1936,0,1,,,
620,2026-05-24T18:34:33.400,1932,1,0,,,
621,2026-05-24T18:34:33.400,1930,0,1,,,
622,2026-05-24T18:34:33.400,1922,0,1,,,
623,2026-05-24T18:34:33.415,1916,1,0,,,
624,2026-05-24T18:34:33.415,1908,0,1,,,
625,2026-05-24T18:34:33.415,1912,1,0,,,
626,2026-05-24T18:34:33.415,1910,0,1,,,
627,2026-05-24T18:34:33.416,1910,0,0,,,
628,2026-05-24T18:34:33.432,1902,1,0,,,
629,2026-05-24T18:34:33.432,1895,0,1,,,
630,2026-05-24T18:34:33.432,1900,1,0,,,
631,2026-05-24T18:34:33.432,1906,0,1,,,
632,2026-05-24T18:34:33.432,1904,1,0,,,
633,2026-05-24T18:34:33.432,1902,1,0,,,
634,2026-05-24T18:34:33.448,1898,0,1,,,
635,2026-05-24T18:34:33.448,1893,0,1,,,
636,2026-05-24T18:34:33.448,1891,0,1,,,
637,2026-05-24T18:34:33.448,1895,1,0,,,
638,2026-05-24T18:34:33.448,1898,1,0,,,
639,2026-05-24T18:34:33.448,1898,0,0,,,
640,2026-05-24T18:34:33.463,1891,0,1,,,
641,2026-05-24T18:34:33.463,1889,0,1,,,
642,2026-05-24T18:34:33.464,1891,1,0,,,
643,2026-05-24T18:34:33.464,1893,1,0,,,
644,2026-05-24T18:34:33.464,1902,1,0,,,
645,2026-05-24T18:34:33.464,1895,0,1,,,
646,2026-05-24T18:34:33.479,1887,1,0,,,
647,2026-05-24T18:34:33.479,1881,0,1,,,
648,2026-05-24T18:34:33.479,1879,0,1,,,
649,2026-05-24T18:34:33.479,1869,1,0,,,
650,2026-05-24T18:34:33.479,1857,0,1,,,
651,2026-05-24T18:34:33.495,1846,1,0,,,
652,2026-05-24T18:34:33.495,1834,0,1,,,
653,2026-05-24T18:34:33.495,1820,0,1,,,
654,2026-05-24T18:34:33.496,1814,0,1,,,
655,2026-05-24T18:34:33.496,1832,1,0,,,
656,2026-05-24T18:34:33.496,1881,1,0,,,
657,2026-05-24T18:34:33.511,1945,1,0,,,
658,2026-05-24T18:34:33.511,2010,1,0,,,
659,2026-05-24T18:34:33.511,2096,1,0,,,
660,2026-05-24T18:34:33.511,2215,0,1,,,
661,2026-05-24T18:34:33.511,2330,1,0,,,
662,2026-05-24T18:34:33.511,2409,0,1,,,N
663,2026-05-24T18:34:33.528,2440,1,0,,,
664,2026-05-24T18:34:33.528,2395,1,0,,,
665,2026-05-24T18:34:33.528,2260,0,1,,,
666,2026-05-24T18:34:33.528,2067,1,0,,,
667,2026-05-24T18:34:33.528,1916,0,1,,,
668,2026-05-24T18:34:33.528,1842,1,0,,,
669,2026-05-24T18:34:33.544,1840,0,1,,,
670,2026-05-24T18:34:33.544,1865,1,0,,,
671,2026-05-24T18:34:33.544,1877,1,0,,,
672,2026-05-24T18:34:33.544,1885,1,0,,,
673,2026-05-24T18:34:33.544,1887,1,0,,,
674,2026-05-24T18:34:33.544,1885,0,1,,,
675,2026-05-24T18:34:33.559,1887,1,0,,,
676,2026-05-24T18:34:33.559,1885,0,1,,,
677,2026-05-24T18:34:33.559,1881,0,1,,,
678,2026-05-24T18:34:33.559,1885,1,0,,,
679,2026-05-24T18:34:33.559,1881,0,1,,,
680,2026-05-24T18:34:33.575,1887,1,0,,,
681,2026-05-24T18:34:33.575,1885,0,1,,,
682,2026-05-24T18:34:33.575,1885,0,0,,,
683,2026-05-24T18:34:33.575,1879,0,1,,,
684,2026-05-24T18:34:33.575,1881,1,0,,,
685,2026-05-24T18:34:33.575,1883,1,0,,,
686,2026-05-24T18:34:33.591,1883,0,0,,,
687,2026-05-24T18:34:33.591,1877,0,1,,,
688,2026-05-24T18:34:33.592,1881,1,0,,,
689,2026-05-24T18:34:33.592,1875,0,1,,,
690,2026-05-24T18:34:33.592,1877,1,0,,,
691,2026-05-24T18:34:33.592,1881,1,0,,,
692,2026-05-24T18:34:33.608,1881,0,0,,,
693,2026-05-24T18:34:33.608,1875,0,1,,,
694,2026-05-24T18:34:33.608,1875,0,0,,,
695,2026-05-24T18:34:33.608,1869,1,0,,,
696,2026-05-24T18:34:33.608,1875,0,1,,,
697,2026-05-24T18:34:33.623,1879,1,0,,,
698,2026-05-24T18:34:33.623,1879,0,0,,,
699,2026-05-24T18:34:33.623,1881,1,0,,,
700,2026-05-24T18:34:33.623,1873,0,1,,,
701,2026-05-24T18:34:33.623,1871,1,0,,,
702,2026-05-24T18:34:33.623,1875,0,1,,,
703,2026-05-24T18:34:33.639,1877,1,0,,,
704,2026-05-24T18:34:33.639,1879,1,0,,,
705,2026-05-24T18:34:33.639,1879,0,0,,,
706,2026-05-24T18:34:33.639,1873,0,1,,,
707,2026-05-24T18:34:33.639,1875,1,0,,,
708,2026-05-24T18:34:33.639,1883,1,0,,,
709,2026-05-24T18:34:33.656,1885,1,0,,,
710,2026-05-24T18:34:33.656,1883,0,1,,,
711,2026-05-24T18:34:33.656,1883,0,0,,,
712,2026-05-24T18:34:33.656,1885,1,0,,,
713,2026-05-24T18:34:33.656,1877,0,1,,,
714,2026-05-24T18:34:33.656,1881,1,0,,,
715,2026-05-24T18:34:33.671,1887,1,0,,,
716,2026-05-24T18:34:33.671,1883,0,1,,,
717,2026-05-24T18:34:33.671,1883,0,0,,,
718,2026-05-24T18:34:33.671,1877,0,1,,,
719,2026-05-24T18:34:33.671,1873,0,1,,,
720,2026-05-24T18:34:33.687,1873,0,0,,,
721,2026-05-24T18:34:33.687,1877,1,0,,,
722,2026-05-24T18:34:33.687,1877,0,0,,,
723,2026-05-24T18:34:33.687,1879,1,0,,,
724,2026-05-24T18:34:33.688,1873,0,1,,,
725,2026-05-24T18:34:33.688,1873,0,0,,,
726,2026-05-24T18:34:33.702,1875,1,0,,,
727,2026-05-24T18:34:33.702,1877,1,0,,,
728,2026-05-24T18:34:33.702,1883,1,0,,,
729,2026-05-24T18:34:33.702,1883,0,0,,,
730,2026-05-24T18:34:33.702,1879,0,1,,,
731,2026-05-24T18:34:33.702,1873,0,1,,,
732,2026-05-24T18:34:33.719,1879,1,0,,,
733,2026-05-24T18:34:33.719,1881,1,0,,,
734,2026-05-24T18:34:33.719,1885,1,0,,,
735,2026-05-24T18:34:33.719,1883,0,1,,,
736,2026-05-24T18:34:33.719,1883,0,0,,,
737,2026-05-24T18:34:33.719,1881,0,1,,,
738,2026-05-24T18:34:33.736,1889,0,1,,,
739,2026-05-24T18:34:33.736,1883,1,0,,,
740,2026-05-24T18:34:33.736,1887,0,1,,,
741,2026-05-24T18:34:33.736,1887,0,0,,,
742,2026-05-24T18:34:33.736,1883,0,1,,,
743,2026-05-24T18:34:33.736,1877,0,1,,,
744,2026-05-24T18:34:33.751,1881,1,0,,,
745,2026-05-24T18:34:33.751,1881,0,0,,,
746,2026-05-24T18:34:33.751,1879,0,1,,,
747,2026-05-24T18:34:33.751,1877,0,1,,,
748,2026-05-24T18:34:33.751,1875,0,1,,,
749,2026-05-24T18:34:33.767,1875,0,0,,,
750,2026-05-24T18:34:33.767,1873,0,1,,,
751,2026-05-24T18:34:33.767,1877,1,0,,,
752,2026-05-24T18:34:33.767,1877,0,0,,,
753,2026-05-24T18:34:33.767,1879,1,0,,,
754,2026-05-24T18:34:33.767,1869,1,0,,,
755,2026-05-24T18:34:33.784,1871,0,1,,,
756,2026-05-24T18:34:33.784,1869,0,1,,,
757,2026-05-24T18:34:33.784,1875,0,1,,,
758,2026-05-24T18:34:33.784,1875,1,0,,,
759,2026-05-24T18:34:33.784,1875,0,0,,,
760,2026-05-24T18:34:33.784,1875,0,0,,,
761,2026-05-24T18:34:33.799,1873,0,1,,,
762,2026-05-24T18:34:33.799,1873,0,0,,,
763,2026-05-24T18:34:33.799,1877,1,0,,,
764,2026-05-24T18:34:33.799,1885,1,0,,,
765,2026-05-24T18:34:33.799,1885,0,0,,,
766,2026-05-24T18:34:33.799,1887,1,0,,,
767,2026-05-24T18:34:33.815,1893,0,1,,,
768,2026-05-24T18:34:33.815,1900,1,0,,,
769,2026-05-24T18:34:33.815,1908,0,1,,,
770,2026-05-24T18:34:33.815,1910,1,0,,,
771,2026-05-24T18:34:33.815,1912,1,0,,,
772,2026-05-24T18:34:33.831,1910,0,1,,,
773,2026-05-24T18:34:33.831,1910,0,0,,,
774,2026-05-24T18:34:33.831,1914,1,0,,,
775,2026-05-24T18:34:33.831,1916,1,0,,,
776,2026-05-24T18:34:33.831,1922,0,1,,,
777,2026-05-24T18:34:33.831,1922,1,0,,,
778,2026-05-24T18:34:33.847,1918,1,0,,,
779,2026-05-24T18:34:33.847,1920,0,1,,,
780,2026-05-24T18:34:33.847,1922,1,0,,,
781,2026-05-24T18:34:33.847,1924,1,0,,,
782,2026-05-24T18:34:33.847,1924,0,0,,,
783,2026-05-24T18:34:33.847,1924,0,0,,,
784,2026-05-24T18:34:33.864,1920,0,1,,,
785,2026-05-24T18:34:33.864,1920,0,0,,,
786,2026-05-24T18:34:33.864,1920,0,0,,,
787,2026-05-24T18:34:33.864,1918,1,0,,,
788,2026-05-24T18:34:33.864,1924,0,1,,,
789,2026-05-24T18:34:33.864,1922,1,0,,,
790,2026-05-24T18:34:33.880,1918,1,0,,,
791,2026-05-24T18:34:33.880,1916,0,1,,,
792,2026-05-24T18:34:33.880,1914,0,1,,,
793,2026-05-24T18:34:33.880,1920,0,1,,,
794,2026-05-24T18:34:33.880,1922,1,0,,,
795,2026-05-24T18:34:33.896,1922,0,0,,,
796,2026-05-24T18:34:33.896,1916,1,0,,,
797,2026-05-24T18:34:33.896,1914,0,1,,,
798,2026-05-24T18:34:33.896,1922,0,1,,,
799,2026-05-24T18:34:33.896,1920,1,0,,,
800,2026-05-24T18:34:33.896,1926,1,0,,,
801,2026-05-24T18:34:33.911,1920,0,1,,,
802,2026-05-24T18:34:33.911,1914,1,0,,,
803,2026-05-24T18:34:33.911,1912,0,1,,,
804,2026-05-24T18:34:33.911,1916,1,0,,,
805,2026-05-24T18:34:33.911,1916,0,0,,,
806,2026-05-24T18:34:33.911,1916,0,0,,,
807,2026-05-24T18:34:33.928,1914,0,1,,,
808,2026-05-24T18:34:33.928,1904,0,1,,,
809,2026-05-24T18:34:33.928,1904,0,0,,,
810,2026-05-24T18:34:33.928,1908,1,0,,,
811,2026-05-24T18:34:33.928,1910,1,0,,,
812,2026-05-24T18:34:33.928,1912,1,0,,,
813,2026-05-24T18:34:33.943,1910,0,1,,,
814,2026-05-24T18:34:33.943,1908,0,1,,,
815,2026-05-24T18:34:33.943,1900,1,0,,,
816,2026-05-24T18:34:33.943,1904,0,1,,,
817,2026-05-24T18:34:33.943,1904,1,0,,,
818,2026-05-24T18:34:33.944,1902,1,0,,,
819,2026-05-24T18:34:33.960,1900,0,1,,,
820,2026-05-24T18:34:33.960,1902,1,0,,,
821,2026-05-24T18:34:33.960,1898,0,1,,,
822,2026-05-24T18:34:33.960,1902,1,0,,,
823,2026-05-24T18:34:33.960,1904,0,1,,,
824,2026-05-24T18:34:33.975,1908,1,0,,,
825,2026-05-24T18:34:33.975,1902,1,0,,,
826,2026-05-24T18:34:33.975,1904,0,1,,,
827,2026-05-24T18:34:33.975,1898,1,0,,,
828,2026-05-24T18:34:33.975,1898,0,1,,,
829,2026-05-24T18:34:33.975,1904,0,1,,,
830,2026-05-24T18:34:33.992,1902,1,0,,,
831,2026-05-24T18:34:33.992,1904,0,1,,,
832,2026-05-24T18:34:33.992,1895,1,0,,,
833,2026-05-24T18:34:33.992,1891,0,1,,,
834,2026-05-24T18:34:33.992,1895,1,0,,,
835,2026-05-24T18:34:33.992,1900,1,0,,,
836,2026-05-24T18:34:34.008,1898,0,1,,,
837,2026-05-24T18:34:34.008,1900,1,0,,,
838,2026-05-24T18:34:34.008,1898,0,1,,,
839,2026-05-24T18:34:34.008,1891,0,1,,,
840,2026-05-24T18:34:34.008,1895,1,0,,,
841,2026-05-24T18:34:34.022,1898,1,0,,,
842,2026-05-24T18:34:34.024,1904,0,1,,,
843,2026-05-24T18:34:34.024,1904,1,0,,,
844,2026-05-24T18:34:34.024,1904,0,0,,,
845,2026-05-24T18:34:34.024,1895,1,0,,,
846,2026-05-24T18:34:34.024,1898,0,1,,,
847,2026-05-24T18:34:34.039,1906,0,1,,,
848,2026-05-24T18:34:34.039,1906,1,0,,,
849,2026-05-24T18:34:34.039,1908,1,0,,,
850,2026-05-24T18:34:34.039,1902,1,0,,,
851,2026-05-24T18:34:34.039,1898,0,1,,,
852,2026-05-24T18:34:34.039,1900,1,0,,,
853,2026-05-24T18:34:34.055,1902,1,0,,,
854,2026-05-24T18:34:34.055,1902,0,0,,,
855,2026-05-24T18:34:34.055,1902,0,0,,,
856,2026-05-24T18:34:34.055,1893,0,1,,,
857,2026-05-24T18:34:34.055,1889,0,1,,,
858,2026-05-24T18:34:34.055,1902,1,0,,,
859,2026-05-24T18:34:34.072,1900,0,1,,,
860,2026-05-24T18:34:34.072,1902,1,0,,,
861,2026-05-24T18:34:34.072,1900,0,1,,,
862,2026-05-24T18:34:34.072,1900,0,0,,,
863,2026-05-24T18:34:34.072,1895,0,1,,,
864,2026-05-24T18:34:34.088,1900,1,0,,,
865,2026-05-24T18:34:34.088,1906,0,1,,,
866,2026-05-24T18:34:34.088,1902,1,0,,,
867,2026-05-24T18:34:34.088,1906,0,1,,,
868,2026-05-24T18:34:34.088,1906,1,0,,,
869,2026-05-24T18:34:34.088,1906,0,0,,,
870,2026-05-24T18:34:34.103,1908,1,0,,,
871,2026-05-24T18:34:34.103,1920,0,1,,,
872,2026-05-24T18:34:34.103,1922,1,0,,,
873,2026-05-24T18:34:34.103,1922,0,0,,,
874,2026-05-24T18:34:34.103,1920,0,1,,,
875,2026-05-24T18:34:34.103,1922,1,0,,,
876,2026-05-24T18:34:34.119,1928,1,0,,,
877,2026-05-24T18:34:34.119,1930,1,0,,,
878,2026-05-24T18:34:34.119,1934,1,0,,,
879,2026-05-24T18:34:34.119,1932,0,1,,,
880,2026-05-24T18:34:34.119,1932,0,0,,,
881,2026-05-24T18:34:34.119,1934,1,0,,,
882,2026-05-24T18:34:34.136,1938,0,1,,,
883,2026-05-24T18:34:34.136,1943,1,0,,,
884,2026-05-24T18:34:34.136,1947,1,0,,,
885,2026-05-24T18:34:34.136,1941,0,1,,,
886,2026-05-24T18:34:34.136,1938,0,1,,,
887,2026-05-24T18:34:34.152,1934,1,0,,,
888,2026-05-24T18:34:34.152,1932,0,1,,,
889,2026-05-24T18:34:34.152,1938,0,1,,,
890,2026-05-24T18:34:34.152,1936,1,0,,,
891,2026-05-24T18:34:34.152,1934,1,0,,,
892,2026-05-24T18:34:34.152,1932,0,1,,,
893,2026-05-24T18:34:34.168,1934,1,0,,,
894,2026-05-24T18:34:34.168,1932,0,1,,,
895,2026-05-24T18:34:34.168,1934,1,0,,,
896,2026-05-24T18:34:34.168,1938,0,1,,,
897,2026-05-24T18:34:34.169,1943,1,0,,,
898,2026-05-24T18:34:34.169,1949,1,0,,,
899,2026-05-24T18:34:34.183,1941,0,1,,,
900,2026-05-24T18:34:34.183,1932,1,0,,,
901,2026-05-24T18:34:34.183,1920,0,1,,,
902,2026-05-24T18:34:34.183,1920,0,0,,,
903,2026-05-24T18:34:34.183,1906,1,0,,,
904,2026-05-24T18:34:34.183,1900,0,1,,,
905,2026-05-24T18:34:34.200,1891,0,1,,,
906,2026-05-24T18:34:34.200,1889,0,1,,,
907,2026-05-24T18:34:34.200,1891,1,0,,,
908,2026-05-24T18:34:34.200,1895,1,0,,,
909,2026-05-24T18:34:34.200,1893,0,1,,,
910,2026-05-24T18:34:34.216,1889,0,1,,,
911,2026-05-24T18:34:34.216,1887,1,0,,,
912,2026-05-24T18:34:34.216,1885,0,1,,,
913,2026-05-24T18:34:34.216,1889,0,1,,,
914,2026-05-24T18:34:34.216,1889,1,0,,,
915,2026-05-24T18:34:34.216,1889,0,0,,,
916,2026-05-24T18:34:34.232,1885,1,0,,,
917,2026-05-24T18:34:34.232,1881,0,1,,,
918,2026-05-24T18:34:34.232,1883,1,0,,,
919,2026-05-24T18:34:34.232,1893,0,1,,,
920,2026-05-24T18:34:34.232,1893,1,0,,,
921,2026-05-24T18:34:34.232,1887,1,0,,,
922,2026-05-24T18:34:34.248,1885,0,1,,,
923,2026-05-24T18:34:34.248,1877,0,1,,,
924,2026-05-24T18:34:34.248,1881,1,0,,,
925,2026-05-24T18:34:34.248,1883,1,0,,,
926,2026-05-24T18:34:34.248,1887,1,0,,,
927,2026-05-24T18:34:34.248,1881,0,1,,,
928,2026-05-24T18:34:34.264,1873,0,1,,,
929,2026-05-24T18:34:34.264,1859,1,0,,,
930,2026-05-24T18:34:34.264,1852,0,1,,,
931,2026-05-24T18:34:34.264,1840,0,1,,,
932,2026-05-24T18:34:34.264,1838,1,0,,,
933,2026-05-24T18:34:34.264,1832,0,1,,,
934,2026-05-24T18:34:34.280,1826,0,1,,,
935,2026-05-24T18:34:34.280,1801,1,0,,,
936,2026-05-24T18:34:34.280,1783,0,1,,,
937,2026-05-24T18:34:34.280,1789,1,0,,,
938,2026-05-24T18:34:34.280,1812,0,1,,,
939,2026-05-24T18:34:34.294,1844,0,1,,,
940,2026-05-24T18:34:34.296,1889,1,0,,,
941,2026-05-24T18:34:34.296,1936,1,0,,,
942,2026-05-24T18:34:34.296,2000,1,0,,,
943,2026-05-24T18:34:34.296,2084,1,0,,,
944,2026-05-24T18:34:34.296,2199,0,1,,,
945,2026-05-24T18:34:34.311,2307,1,0,,,
946,2026-05-24T18:34:34.311,2379,0,1,,,N
947,2026-05-24T18:34:34.311,2399,1,0,,,
948,2026-05-24T18:34:34.311,2362,1,0,,,
949,2026-05-24T18:34:34.311,2242,0,1,,,
950,2026-05-24T18:34:34.311,2074,1,0,,,
951,2026-05-24T18:34:34.327,1922,0,1,,,
952,2026-05-24T18:34:34.328,1842,1,0,,,
953,2026-05-24T18:34:34.328,1834,0,1,,,
954,2026-05-24T18:34:34.328,1852,0,1,,,
955,2026-05-24T18:34:34.328,1879,1,0,,,
956,2026-05-24T18:34:34.328,1887,1,0,,,
957,2026-05-24T18:34:34.343,1887,0,0,,,
958,2026-05-24T18:34:34.344,1883,0,1,,,
959,2026-05-24T18:34:34.344,1879,0,1,,,
960,2026-05-24T18:34:34.344,1881,1,0,,,
961,2026-05-24T18:34:34.344,1889,0,1,,,
962,2026-05-24T18:34:34.360,1887,1,0,,,
963,2026-05-24T18:34:34.360,1885,0,1,,,
964,2026-05-24T18:34:34.360,1881,0,1,,,
965,2026-05-24T18:34:34.360,1879,0,1,,,
966,2026-05-24T18:34:34.360,1881,1,0,,,
967,2026-05-24T18:34:34.360,1883,1,0,,,
968,2026-05-24T18:34:34.375,1887,1,0,,,
969,2026-05-24T18:34:34.375,1885,0,1,,,
970,2026-05-24T18:34:34.375,1879,0,1,,,
971,2026-05-24T18:34:34.375,1877,0,1,,,
972,2026-05-24T18:34:34.375,1879,1,0,,,
973,2026-05-24T18:34:34.375,1885,1,0,,,
974,2026-05-24T18:34:34.392,1881,0,1,,,
975,2026-05-24T18:34:34.392,1879,0,1,,,
976,2026-05-24T18:34:34.392,1881,1,0,,,
977,2026-05-24T18:34:34.392,1881,0,0,,,
978,2026-05-24T18:34:34.392,1879,0,1,,,
979,2026-05-24T18:34:34.392,1887,1,0,,,
980,2026-05-24T18:34:34.407,1889,0,1,,,
981,2026-05-24T18:34:34.407,1887,1,0,,,
982,2026-05-24T18:34:34.407,1885,0,1,,,
983,2026-05-24T18:34:34.407,1883,0,1,,,
984,2026-05-24T18:34:34.407,1883,0,0,,,
985,2026-05-24T18:34:34.424,1883,0,0,,,
986,2026-05-24T18:34:34.424,1885,1,0,,,
987,2026-05-24T18:34:34.424,1885,0,0,,,
988,2026-05-24T18:34:34.424,1881,0,1,,,
989,2026-05-24T18:34:34.424,1881,0,0,,,
990,2026-05-24T18:34:34.424,1883,1,0,,,
991,2026-05-24T18:34:34.439,1885,1,0,,,
992,2026-05-24T18:34:34.439,1889,0,1,,,
993,2026-05-24T18:34:34.439,1893,1,0,,,
994,2026-05-24T18:34:34.439,1889,0,1,,,
995,2026-05-24T18:34:34.439,1885,1,0,,,
996,2026-05-24T18:34:34.439,1887,0,1,,,
997,2026-05-24T18:34:34.456,1889,0,1,,,
998,2026-05-24T18:34:34.456,1893,1,0,,,
999,2026-05-24T18:34:34.456,1889,0,1,,,
1000,2026-05-24T18:34:34.456,1885,1,0,,,
1001,2026-05-24T18:34:34.456,1885,0,1,,,
1002,2026-05-24T18:34:34.456,1889,0,1,,,
1003,2026-05-24T18:34:34.472,1893,1,0,,,
1004,2026-05-24T18:34:34.472,1893,0,0,,,
1005,2026-05-24T18:34:34.472,1889,0,1,,,
1006,2026-05-24T18:34:34.472,1885,1,0,,,
1007,2026-05-24T18:34:34.472,1887,0,1,,,
1008,2026-05-24T18:34:34.488,1887,0,0,,,
1009,2026-05-24T18:34:34.488,1898,0,1,,,
1010,2026-05-24T18:34:34.488,1893,1,0,,,
1011,2026-05-24T18:34:34.488,1889,0,1,,,
1012,2026-05-24T18:34:34.488,1885,1,0,,,
1013,2026-05-24T18:34:34.488,1891,0,1,,,
1014,2026-05-24T18:34:34.503,1889,1,0,,,
1015,2026-05-24T18:34:34.503,1893,1,0,,,
1016,2026-05-24T18:34:34.503,1891,0,1,,,
1017,2026-05-24T18:34:34.503,1887,1,0,,,
1018,2026-05-24T18:34:34.503,1891,0,1,,,
1019,2026-05-24T18:34:34.503,1893,1,0,,,
1020,2026-05-24T18:34:34.519,1893,0,0,,,
1021,2026-05-24T18:34:34.519,1893,0,0,,,
1022,2026-05-24T18:34:34.519,1893,0,0,,,
1023,2026-05-24T18:34:34.519,1891,0,1,,,
1024,2026-05-24T18:34:34.519,1887,1,0,,,
1025,2026-05-24T18:34:34.519,1887,0,1,,,
1026,2026-05-24T18:34:34.535,1898,0,1,,,
1027,2026-05-24T18:34:34.535,1895,1,0,,,
1028,2026-05-24T18:34:34.535,1893,0,1,,,
1029,2026-05-24T18:34:34.535,1889,0,1,,,
1030,2026-05-24T18:34:34.535,1887,1,0,,,
1031,2026-05-24T18:34:34.535,1887,0,1,,,
1032,2026-05-24T18:34:34.551,1893,0,1,,,
1033,2026-05-24T18:34:34.551,1898,1,0,,,
1034,2026-05-24T18:34:34.551,1889,0,1,,,
1035,2026-05-24T18:34:34.551,1891,1,0,,,
1036,2026-05-24T18:34:34.551,1887,1,0,,,
1037,2026-05-24T18:34:34.567,1893,0,1,,,
1038,2026-05-24T18:34:34.567,1893,1,0,,,
1039,2026-05-24T18:34:34.567,1898,1,0,,,
1040,2026-05-24T18:34:34.567,1895,0,1,,,
1041,2026-05-24T18:34:34.567,1889,0,1,,,
1042,2026-05-24T18:34:34.567,1885,1,0,,,
1043,2026-05-24T18:34:34.583,1889,0,1,,,
1044,2026-05-24T18:34:34.583,1889,1,0,,,
1045,2026-05-24T18:34:34.583,1895,1,0,,,
1046,2026-05-24T18:34:34.583,1898,1,0,,,
1047,2026-05-24T18:34:34.583,1895,0,1,,,
1048,2026-05-24T18:34:34.583,1893,0,1,,,
1049,2026-05-24T18:34:34.600,1904,0,1,,,
1050,2026-05-24T18:34:34.600,1910,1,0,,,
1051,2026-05-24T18:34:34.600,1916,1,0,,,
1052,2026-05-24T18:34:34.600,1918,1,0,,,
1053,2026-05-24T18:34:34.600,1916,0,1,,,
1054,2026-05-24T18:34:34.600,1914,0,1,,,
1055,2026-05-24T18:34:34.615,1918,1,0,,,
1056,2026-05-24T18:34:34.615,1926,0,1,,,
1057,2026-05-24T18:34:34.615,1930,1,0,,,
1058,2026-05-24T18:34:34.615,1924,0,1,,,
1059,2026-05-24T18:34:34.615,1926,1,0,,,
1060,2026-05-24T18:34:34.631,1930,1,0,,,
1061,2026-05-24T18:34:34.631,1930,0,0,,,
1062,2026-05-24T18:34:34.631,1932,1,0,,,
1063,2026-05-24T18:34:34.631,1936,0,1,,,
1064,2026-05-24T18:34:34.631,1932,1,0,,,
1065,2026-05-24T18:34:34.631,1928,0,1,,,
1066,2026-05-24T18:34:34.647,1926,0,1,,,
1067,2026-05-24T18:34:34.647,1926,0,0,,,
1068,2026-05-24T18:34:34.647,1928,1,0,,,
1069,2026-05-24T18:34:34.647,1932,1,0,,,
1070,2026-05-24T18:34:34.647,1928,0,1,,,
1071,2026-05-24T18:34:34.647,1926,0,1,,,
1072,2026-05-24T18:34:34.664,1920,0,1,,,
1073,2026-05-24T18:34:34.664,1926,1,0,,,
1074,2026-05-24T18:34:34.664,1930,1,0,,,
1075,2026-05-24T18:34:34.664,1932,1,0,,,
1076,2026-05-24T18:34:34.664,1934,1,0,,,
1077,2026-05-24T18:34:34.664,1926,0,1,,,
1078,2026-05-24T18:34:34.679,1922,0,1,,,
1079,2026-05-24T18:34:34.679,1924,1,0,,,
1080,2026-05-24T18:34:34.679,1926,1,0,,,
1081,2026-05-24T18:34:34.679,1926,0,0,,,
1082,2026-05-24T18:34:34.679,1930,1,0,,,
1083,2026-05-24T18:34:34.695,1924,0,1,,,
1084,2026-05-24T18:34:34.695,1922,0,1,,,
1085,2026-05-24T18:34:34.695,1924,1,0,,,
1086,2026-05-24T18:34:34.695,1926,1,0,,,
1087,2026-05-24T18:34:34.695,1924,0,1,,,
1088,2026-05-24T18:34:34.695,1922,0,1,,,
1089,2026-05-24T18:34:34.711,1918,1,0,,,
1090,2026-05-24T18:34:34.711,1920,0,1,,,
1091,2026-05-24T18:34:34.711,1918,1,0,,,
1092,2026-05-24T18:34:34.711,1926,0,1,,,
1093,2026-05-24T18:34:34.711,1924,1,0,,,
1094,2026-05-24T18:34:34.711,1920,0,1,,,
1095,2026-05-24T18:34:34.728,1912,1,0,,,
1096,2026-05-24T18:34:34.728,1908,0,1,,,
1097,2026-05-24T18:34:34.728,1912,1,0,,,
1098,2026-05-24T18:34:34.728,1916,1,0,,,
1099,2026-05-24T18:34:34.728,1916,0,0,,,
1100,2026-05-24T18:34:34.728,1918,1,0,,,
1101,2026-05-24T18:34:34.744,1914,0,1,,,
1102,2026-05-24T18:34:34.744,1910,0,1,,,
1103,2026-05-24T18:34:34.744,1912,1,0,,,
1104,2026-05-24T18:34:34.744,1918,1,0,,,
1105,2026-05-24T18:34:34.744,1916,0,1,,,
1106,2026-05-24T18:34:34.744,1916,0,0,,,
1107,2026-05-24T18:34:34.760,1912,0,1,,,
1108,2026-05-24T18:34:34.760,1906,0,1,,,
1109,2026-05-24T18:34:34.760,1908,1,0,,,
1110,2026-05-24T18:34:34.760,1910,1,0,,,
1111,2026-05-24T18:34:34.760,1912,1,0,,,
1112,2026-05-24T18:34:34.776,1910,0,1,,,
1113,2026-05-24T18:34:34.776,1906,0,1,,,
1114,2026-05-24T18:34:34.776,1904,0,1,,,
1115,2026-05-24T18:34:34.776,1906,1,0,,,
1116,2026-05-24T18:34:34.776,1908,1,0,,,
1117,2026-05-24T18:34:34.776,1910,1,0,,,
1118,2026-05-24T18:34:34.791,1910,0,0,,,
1119,2026-05-24T18:34:34.791,1912,1,0,,,
1120,2026-05-24T18:34:34.791,1910,0,1,,,
1121,2026-05-24T18:34:34.791,1908,0,1,,,
1122,2026-05-24T18:34:34.791,1910,1,0,,,
1123,2026-05-24T18:34:34.791,1916,1,0,,,
1124,2026-05-24T18:34:34.808,1908,0,1,,,
1125,2026-05-24T18:34:34.808,1908,0,0,,,
1126,2026-05-24T18:34:34.808,1904,0,1,,,
1127,2026-05-24T18:34:34.808,1898,1,0,,,
1128,2026-05-24T18:34:34.808,1900,0,1,,,
1129,2026-05-24T18:34:34.824,1906,0,1,,,
1130,2026-05-24T18:34:34.824,1906,1,0,,,
1131,2026-05-24T18:34:34.824,1904,0,1,,,
1132,2026-05-24T18:34:34.824,1904,0,0,,,
1133,2026-05-24T18:34:34.824,1904,0,0,,,
1134,2026-05-24T18:34:34.824,1908,1,0,,,
1135,2026-05-24T18:34:34.839,1908,0,0,,,
1136,2026-05-24T18:34:34.839,1906,0,1,,,
1137,2026-05-24T18:34:34.839,1906,0,0,,,
1138,2026-05-24T18:34:34.839,1891,1,0,,,
1139,2026-05-24T18:34:34.839,1900,0,1,,,
1140,2026-05-24T18:34:34.839,1900,0,0,,,
1141,2026-05-24T18:34:34.856,1906,0,1,,,
1142,2026-05-24T18:34:34.856,1906,1,0,,,
1143,2026-05-24T18:34:34.856,1904,0,1,,,
1144,2026-05-24T18:34:34.856,1902,1,0,,,
1145,2026-05-24T18:34:34.856,1906,0,1,,,
1146,2026-05-24T18:34:34.856,1912,1,0,,,
1147,2026-05-24T18:34:34.871,1912,0,0,,,
1148,2026-05-24T18:34:34.871,1910,0,1,,,
1149,2026-05-24T18:34:34.871,1910,0,0,,,
1150,2026-05-24T18:34:34.871,1908,0,1,,,
1151,2026-05-24T18:34:34.871,1912,1,0,,,
1152,2026-05-24T18:34:34.871,1916,1,0,,,
1153,2026-05-24T18:34:34.888,1928,0,1,,,
1154,2026-05-24T18:34:34.888,1928,1,0,,,
1155,2026-05-24T18:34:34.888,1924,0,1,,,
1156,2026-05-24T18:34:34.888,1922,0,1,,,
1157,2026-05-24T18:34:34.888,1930,1,0,,,
1158,2026-05-24T18:34:34.903,1932,1,0,,,
1159,2026-05-24T18:34:34.903,1934,1,0,,,
1160,2026-05-24T18:34:34.903,1932,0,1,,,
1161,2026-05-24T18:34:34.903,1934,1,0,,,
1162,2026-05-24T18:34:34.903,1936,0,1,,,
1163,2026-05-24T18:34:34.903,1938,1,0,,,
1164,2026-05-24T18:34:34.919,1945,1,0,,,
1165,2026-05-24T18:34:34.919,1953,0,1,,,
1166,2026-05-24T18:34:34.919,1947,1,0,,,
1167,2026-05-24T18:34:34.919,1949,0,1,,,
1168,2026-05-24T18:34:34.919,1943,0,1,,,
1169,2026-05-24T18:34:34.919,1943,0,0,,,
1170,2026-05-24T18:34:34.935,1947,1,0,,,
1171,2026-05-24T18:34:34.935,1951,1,0,,,
1172,2026-05-24T18:34:34.935,1943,0,1,,,
1173,2026-05-24T18:34:34.935,1938,0,1,,,
1174,2026-05-24T18:34:34.935,1941,1,0,,,
1175,2026-05-24T18:34:34.935,1943,1,0,,,
1176,2026-05-24T18:34:34.951,1936,0,1,,,
1177,2026-05-24T18:34:34.951,1938,1,0,,,
1178,2026-05-24T18:34:34.951,1932,1,0,,,
1179,2026-05-24T18:34:34.951,1943,0,1,,,
1180,2026-05-24T18:34:34.951,1945,1,0,,,
1181,2026-05-24T18:34:34.968,1947,1,0,,,
1182,2026-05-24T18:34:34.968,1938,0,1,,,
1183,2026-05-24T18:34:34.968,1932,1,0,,,
1184,2026-05-24T18:34:34.968,1924,0,1,,,
1185,2026-05-24T18:34:34.968,1918,1,0,,,
1186,2026-05-24T18:34:34.968,1914,0,1,,,
1187,2026-05-24T18:34:34.983,1910,0,1,,,
1188,2026-05-24T18:34:34.983,1906,0,1,,,
1189,2026-05-24T18:34:34.983,1912,1,0,,,
1190,2026-05-24T18:34:34.983,1910,0,1,,,
1191,2026-05-24T18:34:34.983,1906,0,1,,,
1192,2026-05-24T18:34:34.983,1900,1,0,,,
1193,2026-05-24T18:34:35.000,1904,0,1,,,
1194,2026-05-24T18:34:35.000,1908,1,0,,,
1195,2026-05-24T18:34:35.000,1910,1,0,,,
1196,2026-05-24T18:34:35.000,1906,0,1,,,
1197,2026-05-24T18:34:35.000,1900,1,0,,,
1198,2026-05-24T18:34:35.000,1898,0,1,,,
1199,2026-05-24T18:34:35.016,1893,0,1,,,
1200,2026-05-24T18:34:35.016,1895,1,0,,,
1201,2026-05-24T18:34:35.016,1898,1,0,,,
1202,2026-05-24T18:34:35.016,1898,0,0,,,
1203,2026-05-24T18:34:35.016,1891,0,1,,,
1204,2026-05-24T18:34:35.031,1893,1,0,,,
1205,2026-05-24T18:34:35.031,1893,0,0,,,
1206,2026-05-24T18:34:35.031,1898,1,0,,,
1207,2026-05-24T18:34:35.031,1895,0,1,,,
1208,2026-05-24T18:34:35.031,1900,1,0,,,
1209,2026-05-24T18:34:35.032,1895,0,1,,,
1210,2026-05-24T18:34:35.047,1891,0,1,,,
1211,2026-05-24T18:34:35.047,1898,1,0,,,
1212,2026-05-24T18:34:35.047,1900,1,0,,,
1213,2026-05-24T18:34:35.047,1904,0,1,,,
1214,2026-05-24T18:34:35.047,1902,1,0,,,
1215,2026-05-24T18:34:35.047,1895,0,1,,,
1216,2026-05-24T18:34:35.064,1889,0,1,,,
1217,2026-05-24T18:34:35.064,1885,1,0,,,
1218,2026-05-24T18:34:35.064,1871,0,1,,,
1219,2026-05-24T18:34:35.064,1865,0,1,,,
1220,2026-05-24T18:34:35.064,1848,0,1,,,
1221,2026-05-24T18:34:35.064,1836,0,1,,,
1222,2026-05-24T18:34:35.079,1816,0,1,,,
1223,2026-05-24T18:34:35.079,1820,0,1,,,
1224,2026-05-24T18:34:35.079,1852,0,0,,,
1225,2026-05-24T18:34:35.080,1902,1,0,,,
1226,2026-05-24T18:34:35.080,1957,1,0,,,
1227,2026-05-24T18:34:35.096,2024,1,0,,,
1228,2026-05-24T18:34:35.096,2123,1,0,,,
1229,2026-05-24T18:34:35.096,2242,0,1,,,
1230,2026-05-24T18:34:35.096,2336,1,0,,,
1231,2026-05-24T18:34:35.096,2383,0,1,,,N
1232,2026-05-24T18:34:35.096,2366,1,0,,,
1233,2026-05-24T18:34:35.111,2266,0,1,,,
1234,2026-05-24T18:34:35.111,2106,1,0,,,
1235,2026-05-24T18:34:35.111,1965,0,1,,,
1236,2026-05-24T18:34:35.111,1875,1,0,,,
1237,2026-05-24T18:34:35.111,1842,0,1,,,
1238,2026-05-24T18:34:35.111,1850,0,1,,,
1239,2026-05-24T18:34:35.127,1863,0,1,,,
1240,2026-05-24T18:34:35.127,1879,1,0,,,
1241,2026-05-24T18:34:35.127,1883,1,0,,,
1242,2026-05-24T18:34:35.127,1887,1,0,,,
1243,2026-05-24T18:34:35.127,1887,0,0,,,
1244,2026-05-24T18:34:35.127,1883,0,1,,,
1245,2026-05-24T18:34:35.144,1881,0,1,,,
1246,2026-05-24T18:34:35.144,1873,0,1,,,
1247,2026-05-24T18:34:35.144,1873,0,0,,,
1248,2026-05-24T18:34:35.144,1881,1,0,,,
1249,2026-05-24T18:34:35.144,1885,1,0,,,
1250,2026-05-24T18:34:35.160,1881,0,1,,,
1251,2026-05-24T18:34:35.160,1881,0,0,,,
1252,2026-05-24T18:34:35.160,1877,0,1,,,
1253,2026-05-24T18:34:35.160,1881,1,0,,,
1254,2026-05-24T18:34:35.160,1889,0,1,,,
1255,2026-05-24T18:34:35.160,1887,1,0,,,
1256,2026-05-24T18:34:35.175,1885,0,1,,,
1257,2026-05-24T18:34:35.176,1885,0,0,,,
1258,2026-05-24T18:34:35.176,1885,0,0,,,
1259,2026-05-24T18:34:35.176,1885,0,0,,,
1260,2026-05-24T18:34:35.176,1889,0,1,,,
1261,2026-05-24T18:34:35.176,1887,1,0,,,
1262,2026-05-24T18:34:35.192,1887,0,1,,,
1263,2026-05-24T18:34:35.192,1883,0,1,,,
1264,2026-05-24T18:34:35.192,1873,0,1,,,
1265,2026-05-24T18:34:35.192,1879,1,0,,,
1266,2026-05-24T18:34:35.192,1883,1,0,,,
1267,2026-05-24T18:34:35.192,1885,1,0,,,
1268,2026-05-24T18:34:35.208,1883,0,1,,,
1269,2026-05-24T18:34:35.208,1881,0,1,,,
1270,2026-05-24T18:34:35.208,1873,0,1,,,
1271,2026-05-24T18:34:35.208,1877,1,0,,,
1272,2026-05-24T18:34:35.208,1881,1,0,,,
1273,2026-05-24T18:34:35.223,1881,0,0,,,
1274,2026-05-24T18:34:35.224,1881,0,0,,,
1275,2026-05-24T18:34:35.224,1879,0,1,,,
1276,2026-05-24T18:34:35.224,1877,0,1,,,
1277,2026-05-24T18:34:35.224,1881,1,0,,,
1278,2026-05-24T18:34:35.224,1875,0,1,,,
1279,2026-05-24T18:34:35.239,1881,1,0,,,
1280,2026-05-24T18:34:35.239,1879,0,1,,,
1281,2026-05-24T18:34:35.239,1879,0,0,,,
1282,2026-05-24T18:34:35.239,1875,0,1,,,
1283,2026-05-24T18:34:35.239,1877,1,0,,,
1284,2026-05-24T18:34:35.239,1881,1,0,,,
1285,2026-05-24T18:34:35.255,1885,1,0,,,
1286,2026-05-24T18:34:35.255,1885,0,0,,,
1287,2026-05-24T18:34:35.255,1885,0,0,,,
1288,2026-05-24T18:34:35.255,1883,0,1,,,
1289,2026-05-24T18:34:35.255,1885,1,0,,,
1290,2026-05-24T18:34:35.255,1885,0,0,,,
1291,2026-05-24T18:34:35.271,1881,0,1,,,
1292,2026-05-24T18:34:35.271,1881,0,0,,,
1293,2026-05-24T18:34:35.271,1875,0,1,,,
1294,2026-05-24T18:34:35.271,1869,1,0,,,
1295,2026-05-24T18:34:35.271,1877,0,1,,,
1296,2026-05-24T18:34:35.271,1881,1,0,,,
1297,2026-05-24T18:34:35.288,1885,1,0,,,
1298,2026-05-24T18:34:35.288,1887,1,0,,,
1299,2026-05-24T18:34:35.288,1877,0,1,,,
1300,2026-05-24T18:34:35.288,1881,1,0,,,
1301,2026-05-24T18:34:35.288,1881,0,0,,,
1302,2026-05-24T18:34:35.303,1883,1,0,,,
1303,2026-05-24T18:34:35.303,1885,1,0,,,
1304,2026-05-24T18:34:35.303,1885,0,0,,,
1305,2026-05-24T18:34:35.303,1881,0,1,,,
1306,2026-05-24T18:34:35.303,1875,0,1,,,
1307,2026-05-24T18:34:35.303,1877,1,0,,,
1308,2026-05-24T18:34:35.319,1883,1,0,,,
1309,2026-05-24T18:34:35.319,1885,1,0,,,
1310,2026-05-24T18:34:35.319,1883,0,1,,,
1311,2026-05-24T18:34:35.319,1881,0,1,,,
1312,2026-05-24T18:34:35.319,1873,0,1,,,
1313,2026-05-24T18:34:35.319,1873,0,0,,,
1314,2026-05-24T18:34:35.336,1873,0,0,,,
1315,2026-05-24T18:34:35.336,1875,1,0,,,
1316,2026-05-24T18:34:35.336,1873,0,1,,,
1317,2026-05-24T18:34:35.336,1863,1,0,,,
1318,2026-05-24T18:34:35.336,1865,0,1,,,
1319,2026-05-24T18:34:35.336,1863,0,1,,,
1320,2026-05-24T18:34:35.352,1869,1,0,,,
1321,2026-05-24T18:34:35.352,1865,0,1,,,
1322,2026-05-24T18:34:35.352,1855,1,0,,,
1323,2026-05-24T18:34:35.352,1861,0,1,,,
1324,2026-05-24T18:34:35.352,1859,1,0,,,
1325,2026-05-24T18:34:35.367,1867,1,0,,,
1326,2026-05-24T18:34:35.367,1869,1,0,,,
1327,2026-05-24T18:34:35.367,1873,0,1,,,
1328,2026-05-24T18:34:35.367,1871,1,0,,,
1329,2026-05-24T18:34:35.367,1865,0,1,,,
1330,2026-05-24T18:34:35.367,1863,0,1,,,
1331,2026-05-24T18:34:35.383,1865,1,0,,,
1332,2026-05-24T18:34:35.383,1871,1,0,,,
1333,2026-05-24T18:34:35.383,1875,0,1,,,
1334,2026-05-24T18:34:35.383,1879,1,0,,,
1335,2026-05-24T18:34:35.383,1873,0,1,,,
1336,2026-05-24T18:34:35.383,1875,1,0,,,
1337,2026-05-24T18:34:35.399,1881,1,0,,,
1338,2026-05-24T18:34:35.400,1891,0,1,,,
1339,2026-05-24T18:34:35.400,1895,1,0,,,
1340,2026-05-24T18:34:35.400,1898,1,0,,,
1341,2026-05-24T18:34:35.400,1898,0,0,,,
1342,2026-05-24T18:34:35.400,1898,0,0,,,
1343,2026-05-24T18:34:35.416,1906,0,1,,,
1344,2026-05-24T18:34:35.416,1912,1,0,,,
1345,2026-05-24T18:34:35.416,1918,1,0,,,
1346,2026-05-24T18:34:35.416,1922,0,1,,,
1347,2026-05-24T18:34:35.416,1922,1,0,,,
1348,2026-05-24T18:34:35.431,1916,1,0,,,
1349,2026-05-24T18:34:35.431,1920,0,1,,,
1350,2026-05-24T18:34:35.431,1920,1,0,,,
1351,2026-05-24T18:34:35.431,1922,1,0,,,
1352,2026-05-24T18:34:35.431,1920,0,1,,,
1353,2026-05-24T18:34:35.432,1918,1,0,,,
1354,2026-05-24T18:34:35.447,1916,0,1,,,
1355,2026-05-24T18:34:35.447,1918,1,0,,,
1356,2026-05-24T18:34:35.447,1922,0,1,,,
1357,2026-05-24T18:34:35.447,1922,1,0,,,
1358,2026-05-24T18:34:35.447,1926,1,0,,,
1359,2026-05-24T18:34:35.447,1920,0,1,,,
1360,2026-05-24T18:34:35.464,1916,1,0,,,
1361,2026-05-24T18:34:35.464,1920,0,1,,,
1362,2026-05-24T18:34:35.464,1918,1,0,,,
1363,2026-05-24T18:34:35.464,1926,0,1,,,
1364,2026-05-24T18:34:35.464,1924,1,0,,,
1365,2026-05-24T18:34:35.464,1922,0,1,,,
1366,2026-05-24T18:34:35.480,1924,1,0,,,
1367,2026-05-24T18:34:35.480,1930,1,0,,,
1368,2026-05-24T18:34:35.480,1932,1,0,,,
1369,2026-05-24T18:34:35.480,1928,0,1,,,
1370,2026-05-24T18:34:35.480,1926,0,1,,,
1371,2026-05-24T18:34:35.494,1922,0,1,,,
1372,2026-05-24T18:34:35.494,1914,1,0,,,
1373,2026-05-24T18:34:35.494,1922,0,1,,,
1374,2026-05-24T18:34:35.494,1924,1,0,,,
1375,2026-05-24T18:34:35.494,1924,0,0,,,
1376,2026-05-24T18:34:35.494,1918,1,0,,,
1377,2026-05-24T18:34:35.511,1914,0,1,,,
1378,2026-05-24T18:34:35.511,1910,0,1,,,
1379,2026-05-24T18:34:35.511,1914,1,0,,,
1380,2026-05-24T18:34:35.511,1918,1,0,,,
1381,2026-05-24T18:34:35.511,1916,0,1,,,
1382,2026-05-24T18:34:35.511,1910,0,1,,,
1383,2026-05-24T18:34:35.528,1912,1,0,,,
1384,2026-05-24T18:34:35.528,1908,0,1,,,
1385,2026-05-24T18:34:35.528,1914,1,0,,,
1386,2026-05-24T18:34:35.528,1914,0,0,,,
1387,2026-05-24T18:34:35.528,1916,1,0,,,
1388,2026-05-24T18:34:35.528,1918,1,0,,,
1389,2026-05-24T18:34:35.543,1910,0,1,,,
1390,2026-05-24T18:34:35.543,1910,0,0,,,
1391,2026-05-24T18:34:35.543,1906,0,1,,,
1392,2026-05-24T18:34:35.543,1910,1,0,,,
1393,2026-05-24T18:34:35.543,1914,1,0,,,
1394,2026-05-24T18:34:35.559,1912,0,1,,,
1395,2026-05-24T18:34:35.559,1918,1,0,,,
1396,2026-05-24T18:34:35.559,1910,0,1,,,
1397,2026-05-24T18:34:35.559,1912,1,0,,,
1398,2026-05-24T18:34:35.559,1912,0,0,,,
1399,2026-05-24T18:34:35.560,1912,0,0,,,
1400,2026-05-24T18:34:35.576,1912,0,0,,,
1401,2026-05-24T18:34:35.576,1910,0,1,,,
1402,2026-05-24T18:34:35.576,1908,0,1,,,
1403,2026-05-24T18:34:35.576,1912,1,0,,,
1404,2026-05-24T18:34:35.576,1916,1,0,,,
1405,2026-05-24T18:34:35.576,1918,1,0,,,
1406,2026-05-24T18:34:35.592,1914,0,1,,,
1407,2026-05-24T18:34:35.592,1910,0,1,,,
1408,2026-05-24T18:34:35.592,1902,1,0,,,
1409,2026-05-24T18:34:35.592,1906,0,1,,,
1410,2026-05-24T18:34:35.592,1908,1,0,,,
1411,2026-05-24T18:34:35.592,1910,1,0,,,
1412,2026-05-24T18:34:35.607,1916,1,0,,,
1413,2026-05-24T18:34:35.607,1914,0,1,,,
1414,2026-05-24T18:34:35.607,1904,0,1,,,
1415,2026-05-24T18:34:35.607,1912,1,0,,,
1416,2026-05-24T18:34:35.607,1918,1,0,,,
1417,2026-05-24T18:34:35.623,1918,0,0,,,
1418,2026-05-24T18:34:35.624,1912,0,1,,,
1419,2026-05-24T18:34:35.624,1912,0,0,,,
1420,2026-05-24T18:34:35.624,1910,0,1,,,
1421,2026-05-24T18:34:35.624,1910,0,0,,,
1422,2026-05-24T18:34:35.624,1912,1,0,,,
1423,2026-05-24T18:34:35.640,1912,0,0,,,
1424,2026-05-24T18:34:35.640,1912,0,0,,,
1425,2026-05-24T18:34:35.640,1908,0,1,,,
1426,2026-05-24T18:34:35.640,1908,0,0,,,
1427,2026-05-24T18:34:35.640,1908,0,0,,,
1428,2026-05-24T18:34:35.640,1914,1,0,,,
1429,2026-05-24T18:34:35.655,1914,0,0,,,
1430,2026-05-24T18:34:35.655,1914,0,0,,,
1431,2026-05-24T18:34:35.655,1906,0,1,,,
1432,2026-05-24T18:34:35.655,1904,0,1,,,
1433,2026-05-24T18:34:35.655,1908,1,0,,,
1434,2026-05-24T18:34:35.655,1912,1,0,,,
1435,2026-05-24T18:34:35.672,1916,1,0,,,
1436,2026-05-24T18:34:35.672,1920,0,1,,,
1437,2026-05-24T18:34:35.672,1922,1,0,,,
1438,2026-05-24T18:34:35.672,1922,0,0,,,
1439,2026-05-24T18:34:35.672,1934,1,0,,,
1440,2026-05-24T18:34:35.688,1936,0,1,,,
1441,2026-05-24T18:34:35.688,1943,1,0,,,
1442,2026-05-24T18:34:35.688,1941,0,1,,,
1443,2026-05-24T18:34:35.688,1938,0,1,,,
1444,2026-05-24T18:34:35.688,1941,1,0,,,
1445,2026-05-24T18:34:35.688,1945,1,0,,,
1446,2026-05-24T18:34:35.703,1951,1,0,,,
1447,2026-05-24T18:34:35.703,1951,0,0,,,
1448,2026-05-24T18:34:35.703,1957,0,1,,,
1449,2026-05-24T18:34:35.703,1951,1,0,,,
1450,2026-05-24T18:34:35.703,1951,0,1,,,
1451,2026-05-24T18:34:35.703,1957,0,1,,,
1452,2026-05-24T18:34:35.719,1953,1,0,,,
1453,2026-05-24T18:34:35.719,1955,1,0,,,
1454,2026-05-24T18:34:35.719,1951,1,0,,,
1455,2026-05-24T18:34:35.719,1947,0,1,,,
1456,2026-05-24T18:34:35.719,1943,0,1,,,
1457,2026-05-24T18:34:35.719,1949,1,0,,,
1458,2026-05-24T18:34:35.736,1953,0,1,,,
1459,2026-05-24T18:34:35.736,1953,1,0,,,
1460,2026-05-24T18:34:35.736,1945,1,0,,,
1461,2026-05-24T18:34:35.736,1943,0,1,,,
1462,2026-05-24T18:34:35.736,1945,1,0,,,
1463,2026-05-24T18:34:35.736,1953,0,1,,,
1464,2026-05-24T18:34:35.751,1963,1,0,,,
1465,2026-05-24T18:34:35.751,1967,1,0,,,
1466,2026-05-24T18:34:35.751,1961,0,1,,,
1467,2026-05-24T18:34:35.751,1953,0,1,,,
1468,2026-05-24T18:34:35.751,1936,0,1,,,
1469,2026-05-24T18:34:35.768,1936,0,1,,,
1470,2026-05-24T18:34:35.768,1930,1,0,,,
1471,2026-05-24T18:34:35.768,1930,0,1,,,
1472,2026-05-24T18:34:35.768,1920,0,1,,,
1473,2026-05-24T18:34:35.768,1912,1,0,,,
1474,2026-05-24T18:34:35.768,1908,0,1,,,
1475,2026-05-24T18:34:35.784,1908,0,0,,,
1476,2026-05-24T18:34:35.784,1906,0,1,,,
1477,2026-05-24T18:34:35.784,1904,0,1,,,
1478,2026-05-24T18:34:35.784,1904,0,0,,,
1479,2026-05-24T18:34:35.784,1908,1,0,,,
1480,2026-05-24T18:34:35.784,1902,1,0,,,
1481,2026-05-24T18:34:35.800,1906,0,1,,,
1482,2026-05-24T18:34:35.800,1908,1,0,,,
1483,2026-05-24T18:34:35.800,1908,0,0,,,
1484,2026-05-24T18:34:35.800,1906,0,1,,,
1485,2026-05-24T18:34:35.800,1902,1,0,,,
1486,2026-05-24T18:34:35.815,1895,0,1,,,
1487,2026-05-24T18:34:35.815,1902,1,0,,,
1488,2026-05-24T18:34:35.815,1895,0,1,,,
1489,2026-05-24T18:34:35.815,1906,0,1,,,
1490,2026-05-24T18:34:35.815,1908,1,0,,,
1491,2026-05-24T18:34:35.815,1900,1,0,,,
1492,2026-05-24T18:34:35.832,1891,0,1,,,
1493,2026-05-24T18:34:35.832,1900,1,0,,,
1494,2026-05-24T18:34:35.832,1906,0,1,,,
1495,2026-05-24T18:34:35.832,1904,1,0,,,
1496,2026-05-24T18:34:35.832,1904,0,0,,,
1497,2026-05-24T18:34:35.832,1902,1,0,,,
1498,2026-05-24T18:34:35.847,1891,0,1,,,
1499,2026-05-24T18:34:35.847,1887,1,0,,,
1500,2026-05-24T18:34:35.847,1885,0,1,,,
1501,2026-05-24T18:34:35.847,1873,0,1,,,
1502,2026-05-24T18:34:35.847,1861,1,0,,,
1503,2026-05-24T18:34:35.847,1852,0,1,,,
1504,2026-05-24T18:34:35.864,1838,0,1,,,
1505,2026-05-24T18:34:35.864,1824,0,1,,,
1506,2026-05-24T18:34:35.864,1826,1,0,,,
1507,2026-05-24T18:34:35.864,1844,1,0,,,
1508,2026-05-24T18:34:35.864,1881,1,0,,,
1509,2026-05-24T18:34:35.864,1926,1,0,,,
1510,2026-05-24T18:34:35.879,1981,1,0,,,
1511,2026-05-24T18:34:35.879,2063,1,0,,,
1512,2026-05-24T18:34:35.879,2176,0,1,,,
1513,2026-05-24T18:34:35.879,2291,1,0,,,
1514,2026-05-24T18:34:35.879,2375,1,0,,,
1515,2026-05-24T18:34:35.895,2409,0,1,,,N
1516,2026-05-24T18:34:35.896,2373,1,0,,,
1517,2026-05-24T18:34:35.896,2260,0,1,,,
1518,2026-05-24T18:34:35.896,2100,1,0,,,
1519,2026-05-24T18:34:35.896,1959,0,1,,,
1520,2026-05-24T18:34:35.896,1873,1,0,,,
1521,2026-05-24T18:34:35.911,1842,0,1,,,
1522,2026-05-24T18:34:35.911,1846,0,1,,,
1523,2026-05-24T18:34:35.911,1863,1,0,,,
1524,2026-05-24T18:34:35.911,1883,1,0,,,
1525,2026-05-24T18:34:35.911,1887,1,0,,,
1526,2026-05-24T18:34:35.911,1885,0,1,,,
1527,2026-05-24T18:34:35.927,1885,0,0,,,
1528,2026-05-24T18:34:35.928,1883,0,1,,,
1529,2026-05-24T18:34:35.928,1887,1,0,,,
1530,2026-05-24T18:34:35.928,1891,0,1,,,
1531,2026-05-24T18:34:35.928,1889,1,0,,,
1532,2026-05-24T18:34:35.928,1889,0,0,,,
1533,2026-05-24T18:34:35.943,1883,1,0,,,
1534,2026-05-24T18:34:35.943,1879,0,1,,,
1535,2026-05-24T18:34:35.943,1879,0,0,,,
1536,2026-05-24T18:34:35.943,1887,1,0,,,
1537,2026-05-24T18:34:35.943,1887,0,0,,,
1538,2026-05-24T18:34:35.959,1881,0,1,,,
1539,2026-05-24T18:34:35.959,1881,0,0,,,
1540,2026-05-24T18:34:35.959,1877,0,1,,,
1541,2026-05-24T18:34:35.959,1879,1,0,,,
1542,2026-05-24T18:34:35.959,1885,1,0,,,
1543,2026-05-24T18:34:35.959,1885,0,0,,,
1544,2026-05-24T18:34:35.976,1883,0,1,,,
1545,2026-05-24T18:34:35.976,1877,0,1,,,
1546,2026-05-24T18:34:35.976,1877,0,0,,,
1547,2026-05-24T18:34:35.976,1877,0,0,,,
1548,2026-05-24T18:34:35.976,1883,1,0,,,
1549,2026-05-24T18:34:35.976,1887,1,0,,,
1550,2026-05-24T18:34:35.991,1887,0,0,,,
1551,2026-05-24T18:34:35.991,1879,0,1,,,
1552,2026-05-24T18:34:35.991,1877,0,1,,,
1553,2026-05-24T18:34:35.992,1881,1,0,,,
1554,2026-05-24T18:34:35.992,1885,1,0,,,
1555,2026-05-24T18:34:35.992,1885,0,0,,,
1556,2026-05-24T18:34:36.007,1885,0,0,,,
1557,2026-05-24T18:34:36.007,1881,0,1,,,
1558,2026-05-24T18:34:36.007,1879,0,1,,,
1559,2026-05-24T18:34:36.007,1879,0,0,,,
1560,2026-05-24T18:34:36.007,1883,1,0,,,
1561,2026-05-24T18:34:36.007,1887,1,0,,,
1562,2026-05-24T18:34:36.024,1885,0,1,,,
1563,2026-05-24T18:34:36.024,1879,0,1,,,
1564,2026-05-24T18:34:36.024,1873,0,1,,,
1565,2026-05-24T18:34:36.024,1877,1,0,,,
1566,2026-05-24T18:34:36.024,1881,1,0,,,
1567,2026-05-24T18:34:36.040,1879,0,1,,,
1568,2026-05-24T18:34:36.040,1881,1,0,,,
1569,2026-05-24T18:34:36.040,1877,0,1,,,
1570,2026-05-24T18:34:36.040,1873,0,1,,,
1571,2026-05-24T18:34:36.040,1873,0,0,,,
1572,2026-05-24T18:34:36.040,1879,1,0,,,
1573,2026-05-24T18:34:36.056,1885,1,0,,,
1574,2026-05-24T18:34:36.056,1887,1,0,,,
1575,2026-05-24T18:34:36.056,1883,0,1,,,
1576,2026-05-24T18:34:36.056,1879,0,1,,,
1577,2026-05-24T18:34:36.056,1879,0,0,,,
1578,2026-05-24T18:34:36.056,1883,1,0,,,
1579,2026-05-24T18:34:36.071,1887,1,0,,,
1580,2026-05-24T18:34:36.071,1879,0,1,,,
1581,2026-05-24T18:34:36.071,1875,0,1,,,
1582,2026-05-24T18:34:36.071,1875,0,0,,,
1583,2026-05-24T18:34:36.072,1877,1,0,,,
1584,2026-05-24T18:34:36.072,1877,0,0,,,
1585,2026-05-24T18:34:36.087,1881,1,0,,,
1586,2026-05-24T18:34:36.087,1875,0,1,,,
1587,2026-05-24T18:34:36.087,1877,1,0,,,
1588,2026-05-24T18:34:36.087,1873,0,1,,,
1589,2026-05-24T18:34:36.087,1879,1,0,,,
1590,2026-05-24T18:34:36.104,1883,1,0,,,
1591,2026-05-24T18:34:36.104,1881,0,1,,,
1592,2026-05-24T18:34:36.104,1883,1,0,,,
1593,2026-05-24T18:34:36.104,1883,0,0,,,
1594,2026-05-24T18:34:36.104,1879,0,1,,,
1595,2026-05-24T18:34:36.104,1883,1,0,,,
1596,2026-05-24T18:34:36.119,1885,1,0,,,
1597,2026-05-24T18:34:36.120,1885,0,0,,,
1598,2026-05-24T18:34:36.120,1881,0,1,,,
1599,2026-05-24T18:34:36.120,1879,0,1,,,
1600,2026-05-24T18:34:36.120,1873,0,1,,,
1601,2026-05-24T18:34:36.120,1873,0,0,,,
1602,2026-05-24T18:34:36.135,1879,1,0,,,
1603,2026-05-24T18:34:36.135,1879,0,0,,,
1604,2026-05-24T18:34:36.135,1875,0,1,,,
1605,2026-05-24T18:34:36.135,1871,1,0,,,
1606,2026-05-24T18:34:36.135,1865,0,1,,,
1607,2026-05-24T18:34:36.152,1867,1,0,,,
1608,2026-05-24T18:34:36.152,1869,1,0,,,
1609,2026-05-24T18:34:36.152,1871,1,0,,,
1610,2026-05-24T18:34:36.152,1871,0,0,,,
1611,2026-05-24T18:34:36.152,1863,0,1,,,
1612,2026-05-24T18:34:36.152,1865,1,0,,,
1613,2026-05-24T18:34:36.168,1865,0,0,,,
1614,2026-05-24T18:34:36.168,1869,1,0,,,
1615,2026-05-24T18:34:36.168,1869,0,0,,,
1616,2026-05-24T18:34:36.168,1865,0,1,,,
1617,2026-05-24T18:34:36.168,1867,1,0,,,
1618,2026-05-24T18:34:36.168,1863,0,1,,,
1619,2026-05-24T18:34:36.183,1871,1,0,,,
1620,2026-05-24T18:34:36.183,1871,0,0,,,
1621,2026-05-24T18:34:36.183,1877,0,1,,,
1622,2026-05-24T18:34:36.183,1883,1,0,,,
1623,2026-05-24T18:34:36.183,1883,0,0,,,
1624,2026-05-24T18:34:36.183,1889,0,1,,,
1625,2026-05-24T18:34:36.199,1898,1,0,,,
1626,2026-05-24T18:34:36.199,1910,0,1,,,
1627,2026-05-24T18:34:36.199,1912,1,0,,,
1628,2026-05-24T18:34:36.199,1914,1,0,,,
1629,2026-05-24T18:34:36.199,1912,0,1,,,
1630,2026-05-24T18:34:36.199,1912,0,0,,,
1631,2026-05-24T18:34:36.216,1920,0,1,,,
1632,2026-05-24T18:34:36.216,1926,1,0,,,
1633,2026-05-24T18:34:36.216,1930,1,0,,,
1634,2026-05-24T18:34:36.216,1928,0,1,,,
1635,2026-05-24T18:34:36.216,1928,0,0,,,
1636,2026-05-24T18:34:36.231,1920,0,1,,,
1637,2026-05-24T18:34:36.232,1926,1,0,,,
1638,2026-05-24T18:34:36.232,1930,1,0,,,
1639,2026-05-24T18:34:36.232,1932,1,0,,,
1640,2026-05-24T18:34:36.232,1924,0,1,,,
1641,2026-05-24T18:34:36.232,1928,1,0,,,
1642,2026-05-24T18:34:36.248,1926,0,1,,,
1643,2026-05-24T18:34:36.248,1928,1,0,,,
1644,2026-05-24T18:34:36.248,1932,1,0,,,
1645,2026-05-24T18:34:36.248,1934,1,0,,,
1646,2026-05-24T18:34:36.248,1934,0,0,,,
1647,2026-05-24T18:34:36.248,1928,0,1,,,
1648,2026-05-24T18:34:36.263,1928,0,0,,,
1649,2026-05-24T18:34:36.263,1930,1,0,,,
1650,2026-05-24T18:34:36.263,1936,0,1,,,
1651,2026-05-24T18:34:36.263,1936,1,0,,,
1652,2026-05-24T18:34:36.263,1936,0,0,,,
1653,2026-05-24T18:34:36.263,1934,1,0,,,
1654,2026-05-24T18:34:36.279,1928,0,1,,,
1655,2026-05-24T18:34:36.279,1930,1,0,,,
1656,2026-05-24T18:34:36.279,1934,1,0,,,
1657,2026-05-24T18:34:36.279,1934,0,0,,,
1658,2026-05-24T18:34:36.279,1928,0,1,,,
1659,2026-05-24T18:34:36.294,1926,0,1,,,
1660,2026-05-24T18:34:36.294,1922,0,1,,,
1661,2026-05-24T18:34:36.296,1926,1,0,,,
1662,2026-05-24T18:34:36.296,1926,0,0,,,
1663,2026-05-24T18:34:36.296,1930,1,0,,,
1664,2026-05-24T18:34:36.296,1928,0,1,,,
1665,2026-05-24T18:34:36.311,1924,0,1,,,
1666,2026-05-24T18:34:36.311,1922,0,1,,,
1667,2026-05-24T18:34:36.311,1920,0,1,,,
1668,2026-05-24T18:34:36.311,1926,1,0,,,
1669,2026-05-24T18:34:36.311,1924,0,1,,,
1670,2026-05-24T18:34:36.311,1922,0,1,,,
1671,2026-05-24T18:34:36.327,1920,0,1,,,
1672,2026-05-24T18:34:36.327,1914,1,0,,,
1673,2026-05-24T18:34:36.327,1914,0,1,,,
1674,2026-05-24T18:34:36.327,1918,1,0,,,
1675,2026-05-24T18:34:36.327,1920,0,1,,,
1676,2026-05-24T18:34:36.327,1918,1,0,,,
1677,2026-05-24T18:34:36.343,1918,0,1,,,
1678,2026-05-24T18:34:36.343,1914,0,1,,,
1679,2026-05-24T18:34:36.343,1916,1,0,,,
1680,2026-05-24T18:34:36.343,1920,0,1,,,
1681,2026-05-24T18:34:36.343,1916,1,0,,,
1682,2026-05-24T18:34:36.343,1918,0,1,,,
1683,2026-05-24T18:34:36.360,1912,0,1,,,
1684,2026-05-24T18:34:36.360,1912,0,0,,,
1685,2026-05-24T18:34:36.360,1916,1,0,,,
1686,2026-05-24T18:34:36.360,1920,0,1,,,
1687,2026-05-24T18:34:36.360,1920,1,0,,,
1688,2026-05-24T18:34:36.375,1920,0,0,,,
1689,2026-05-24T18:34:36.375,1912,1,0,,,
1690,2026-05-24T18:34:36.375,1910,0,1,,,
1691,2026-05-24T18:34:36.375,1912,1,0,,,
1692,2026-05-24T18:34:36.375,1916,1,0,,,
1693,2026-05-24T18:34:36.375,1914,0,1,,,
1694,2026-05-24T18:34:36.391,1914,0,0,,,
1695,2026-05-24T18:34:36.391,1912,0,1,,,
1696,2026-05-24T18:34:36.391,1910,0,1,,,
1697,2026-05-24T18:34:36.391,1912,1,0,,,
1698,2026-05-24T18:34:36.391,1914,1,0,,,
1699,2026-05-24T18:34:36.391,1914,0,0,,,
1700,2026-05-24T18:34:36.407,1916,1,0,,,
1701,2026-05-24T18:34:36.407,1914,0,1,,,
1702,2026-05-24T18:34:36.407,1912,0,1,,,
1703,2026-05-24T18:34:36.407,1914,1,0,,,
1704,2026-05-24T18:34:36.407,1918,1,0,,,
1705,2026-05-24T18:34:36.407,1922,0,1,,,
1706,2026-05-24T18:34:36.424,1914,1,0,,,
1707,2026-05-24T18:34:36.424,1918,0,1,,,
1708,2026-05-24T18:34:36.424,1910,0,1,,,
1709,2026-05-24T18:34:36.424,1912,1,0,,,
1710,2026-05-24T18:34:36.424,1920,0,1,,,
1711,2026-05-24T18:34:36.439,1916,1,0,,,
1712,2026-05-24T18:34:36.439,1912,0,1,,,
1713,2026-05-24T18:34:36.439,1912,0,0,,,
1714,2026-05-24T18:34:36.439,1910,0,1,,,
1715,2026-05-24T18:34:36.439,1912,1,0,,,
1716,2026-05-24T18:34:36.439,1912,0,0,,,
1717,2026-05-24T18:34:36.455,1916,1,0,,,
1718,2026-05-24T18:34:36.455,1916,0,0,,,
1719,2026-05-24T18:34:36.455,1912,0,1,,,
1720,2026-05-24T18:34:36.455,1912,0,0,,,
1721,2026-05-24T18:34:36.455,1914,1,0,,,
1722,2026-05-24T18:34:36.455,1918,1,0,,,
1723,2026-05-24T18:34:36.471,1918,0,0,,,
1724,2026-05-24T18:34:36.471,1918,0,0,,,
1725,2026-05-24T18:34:36.471,1912,0,1,,,
1726,2026-05-24T18:34:36.471,1912,0,0,,,
1727,2026-05-24T18:34:36.471,1916,1,0,,,
1728,2026-05-24T18:34:36.488,1918,1,0,,,
1729,2026-05-24T18:34:36.488,1922,0,1,,,
1730,2026-05-24T18:34:36.488,1922,1,0,,,
1731,2026-05-24T18:34:36.488,1926,1,0,,,
1732,2026-05-24T18:34:36.488,1918,1,0,,,
1733,2026-05-24T18:34:36.488,1924,0,1,,,
1734,2026-05-24T18:34:36.503,1934,1,0,,,
1735,2026-05-24T18:34:36.503,1943,0,1,,,
1736,2026-05-24T18:34:36.503,1943,1,0,,,
1737,2026-05-24T18:34:36.503,1941,0,1,,,
1738,2026-05-24T18:34:36.503,1938,0,1,,,
1739,2026-05-24T18:34:36.503,1943,1,0,,,
1740,2026-05-24T18:34:36.520,1951,1,0,,,
1741,2026-05-24T18:34:36.520,1953,0,1,,,
1742,2026-05-24T18:34:36.520,1955,1,0,,,
1743,2026-05-24T18:34:36.520,1957,1,0,,,
1744,2026-05-24T18:34:36.520,1957,0,0,,,
1745,2026-05-24T18:34:36.520,1959,1,0,,,
1746,2026-05-24T18:34:36.535,1965,1,0,,,
1747,2026-05-24T18:34:36.535,1963,0,1,,,
1748,2026-05-24T18:34:36.535,1963,0,0,,,
1749,2026-05-24T18:34:36.535,1955,0,1,,,
1750,2026-05-24T18:34:36.535,1951,1,0,,,
1751,2026-05-24T18:34:36.535,1949,0,1,,,
1752,2026-05-24T18:34:36.551,1953,0,1,,,
1753,2026-05-24T18:34:36.552,1959,1,0,,,
1754,2026-05-24T18:34:36.552,1949,1,0,,,
1755,2026-05-24T18:34:36.552,1949,0,1,,,
1756,2026-05-24T18:34:36.552,1945,0,1,,,
1757,2026-05-24T18:34:36.566,1951,1,0,,,
1758,2026-05-24T18:34:36.566,1961,0,1,,,
1759,2026-05-24T18:34:36.566,1965,1,0,,,
1760,2026-05-24T18:34:36.566,1957,0,1,,,
1761,2026-05-24T18:34:36.566,1943,1,0,,,
1762,2026-05-24T18:34:36.566,1934,0,1,,,
1763,2026-05-24T18:34:36.584,1930,0,1,,,
1764,2026-05-24T18:34:36.584,1924,0,1,,,
1765,2026-05-24T18:34:36.584,1922,0,1,,,
1766,2026-05-24T18:34:36.584,1916,1,0,,,
1767,2026-05-24T18:34:36.584,1912,0,1,,,
1768,2026-05-24T18:34:36.584,1914,1,0,,,
1769,2026-05-24T18:34:36.599,1916,1,0,,,
1770,2026-05-24T18:34:36.599,1912,0,1,,,
1771,2026-05-24T18:34:36.599,1912,0,0,,,
1772,2026-05-24T18:34:36.599,1910,0,1,,,
1773,2026-05-24T18:34:36.599,1908,0,1,,,
1774,2026-05-24T18:34:36.599,1906,0,1,,,
1775,2026-05-24T18:34:36.615,1908,1,0,,,
1776,2026-05-24T18:34:36.615,1910,1,0,,,
1777,2026-05-24T18:34:36.615,1916,1,0,,,
1778,2026-05-24T18:34:36.615,1914,0,1,,,
1779,2026-05-24T18:34:36.615,1910,0,1,,,
1780,2026-05-24T18:34:36.630,1906,0,1,,,
1781,2026-05-24T18:34:36.630,1906,0,0,,,
1782,2026-05-24T18:34:36.630,1906,0,0,,,
1783,2026-05-24T18:34:36.630,1910,1,0,,,
1784,2026-05-24T18:34:36.630,1908,0,1,,,
1785,2026-05-24T18:34:36.630,1906,0,1,,,
1786,2026-05-24T18:34:36.647,1902,1,0,,,
1787,2026-05-24T18:34:36.647,1908,0,1,,,
1788,2026-05-24T18:34:36.647,1908,1,0,,,
1789,2026-05-24T18:34:36.647,1908,0,0,,,
1790,2026-05-24T18:34:36.647,1908,0,0,,,
1791,2026-05-24T18:34:36.647,1906,0,1,,,
1792,2026-05-24T18:34:36.663,1902,1,0,,,
1793,2026-05-24T18:34:36.663,1898,0,1,,,
1794,2026-05-24T18:34:36.663,1895,0,1,,,
1795,2026-05-24T18:34:36.663,1881,1,0,,,
1796,2026-05-24T18:34:36.663,1865,0,1,,,
1797,2026-05-24T18:34:36.663,1850,0,1,,,
1798,2026-05-24T18:34:36.679,1844,0,1,,,
1799,2026-05-24T18:34:36.679,1834,1,0,,,
1800,2026-05-24T18:34:36.679,1828,0,1,,,
1801,2026-05-24T18:34:36.679,1840,0,1,,,
1802,2026-05-24T18:34:36.679,1877,1,0,,,
1803,2026-05-24T18:34:36.695,1932,1,0,,,
1804,2026-05-24T18:34:36.695,1992,1,0,,,
1805,2026-05-24T18:34:36.695,2074,1,0,,,
1806,2026-05-24T18:34:36.695,2170,0,1,,,
1807,2026-05-24T18:34:36.695,2285,1,0,,,
1808,2026-05-24T18:34:36.695,2379,1,0,,,
1809,2026-05-24T18:34:36.712,2434,0,1,,,N
1810,2026-05-24T18:34:36.712,2424,1,0,,,
1811,2026-05-24T18:34:36.712,2364,0,1,,,
1812,2026-05-24T18:34:36.712,2229,0,1,,,
1813,2026-05-24T18:34:36.712,2055,1,0,,,
1814,2026-05-24T18:34:36.712,1926,0,1,,,
1815,2026-05-24T18:34:36.727,1865,1,0,,,
1816,2026-05-24T18:34:36.727,1855,0,1,,,
1817,2026-05-24T18:34:36.727,1873,0,1,,,
1818,2026-05-24T18:34:36.727,1891,1,0,,,
1819,2026-05-24T18:34:36.727,1900,1,0,,,
1820,2026-05-24T18:34:36.727,1900,0,0,,,
1821,2026-05-24T18:34:36.743,1895,0,1,,,
1822,2026-05-24T18:34:36.743,1891,0,1,,,
1823,2026-05-24T18:34:36.743,1891,0,0,,,
1824,2026-05-24T18:34:36.743,1893,1,0,,,
1825,2026-05-24T18:34:36.743,1895,1,0,,,
1826,2026-05-24T18:34:36.743,1898,1,0,,,
1827,2026-05-24T18:34:36.758,1895,0,1,,,
1828,2026-05-24T18:34:36.758,1889,0,1,,,
1829,2026-05-24T18:34:36.758,1889,0,0,,,
1830,2026-05-24T18:34:36.758,1893,1,0,,,
1831,2026-05-24T18:34:36.760,1895,1,0,,,
1832,2026-05-24T18:34:36.775,1895,0,0,,,
1833,2026-05-24T18:34:36.775,1889,0,1,,,
1834,2026-05-24T18:34:36.775,1885,1,0,,,
1835,2026-05-24T18:34:36.775,1889,0,1,,,
1836,2026-05-24T18:34:36.775,1889,1,0,,,
1837,2026-05-24T18:34:36.775,1887,1,0,,,
1838,2026-05-24T18:34:36.792,1889,0,1,,,
1839,2026-05-24T18:34:36.792,1885,1,0,,,
1840,2026-05-24T18:34:36.792,1879,0,1,,,
1841,2026-05-24T18:34:36.792,1883,1,0,,,
1842,2026-05-24T18:34:36.792,1885,1,0,,,
1843,2026-05-24T18:34:36.792,1891,0,1,,,
1844,2026-05-24T18:34:36.807,1885,1,0,,,
1845,2026-05-24T18:34:36.807,1885,0,1,,,
1846,2026-05-24T18:34:36.807,1883,0,1,,,
1847,2026-05-24T18:34:36.807,1883,0,0,,,
1848,2026-05-24T18:34:36.807,1885,1,0,,,
1849,2026-05-24T18:34:36.824,1887,1,0,,,
1850,2026-05-24T18:34:36.824,1887,0,0,,,
1851,2026-05-24T18:34:36.824,1885,0,1,,,
1852,2026-05-24T18:34:36.824,1881,0,1,,,
1853,2026-05-24T18:34:36.824,1887,1,0,,,
1854,2026-05-24T18:34:36.824,1889,0,1,,,
1855,2026-05-24T18:34:36.839,1893,1,0,,,
1856,2026-05-24T18:34:36.839,1893,0,0,,,
1857,2026-05-24T18:34:36.839,1891,0,1,,,
1858,2026-05-24T18:34:36.839,1887,1,0,,,
1859,2026-05-24T18:34:36.839,1889,0,1,,,
1860,2026-05-24T18:34:36.839,1895,1,0,,,
1861,2026-05-24T18:34:36.855,1895,0,0,,,
1862,2026-05-24T18:34:36.855,1895,0,0,,,
1863,2026-05-24T18:34:36.855,1893,0,1,,,
1864,2026-05-24T18:34:36.855,1889,0,1,,,
1865,2026-05-24T18:34:36.855,1895,1,0,,,
1866,2026-05-24T18:34:36.855,1887,1,0,,,
1867,2026-05-24T18:34:36.871,1893,0,1,,,
1868,2026-05-24T18:34:36.871,1895,1,0,,,
1869,2026-05-24T18:34:36.871,1891,0,1,,,
1870,2026-05-24T18:34:36.871,1887,1,0,,,
1871,2026-05-24T18:34:36.871,1887,0,1,,,
1872,2026-05-24T18:34:36.871,1889,0,1,,,
1873,2026-05-24T18:34:36.887,1893,1,0,,,
1874,2026-05-24T18:34:36.887,1893,0,0,,,
1875,2026-05-24T18:34:36.887,1889,0,1,,,
1876,2026-05-24T18:34:36.888,1885,1,0,,,
1877,2026-05-24T18:34:36.888,1887,0,1,,,
1878,2026-05-24T18:34:36.902,1889,0,1,,,
1879,2026-05-24T18:34:36.902,1893,1,0,,,
1880,2026-05-24T18:34:36.902,1891,0,1,,,
1881,2026-05-24T18:34:36.902,1889,0,1,,,
1882,2026-05-24T18:34:36.902,1887,1,0,,,
1883,2026-05-24T18:34:36.902,1891,0,1,,,
1884,2026-05-24T18:34:36.919,1891,1,0,,,
1885,2026-05-24T18:34:36.919,1895,1,0,,,
1886,2026-05-24T18:34:36.919,1895,0,0,,,
1887,2026-05-24T18:34:36.919,1898,1,0,,,
1888,2026-05-24T18:34:36.919,1887,1,0,,,
1889,2026-05-24T18:34:36.919,1898,0,1,,,
1890,2026-05-24T18:34:36.935,1898,1,0,,,
1891,2026-05-24T18:34:36.935,1900,1,0,,,
1892,2026-05-24T18:34:36.935,1893,0,1,,,
1893,2026-05-24T18:34:36.935,1891,0,1,,,
1894,2026-05-24T18:34:36.935,1883,1,0,,,
1895,2026-05-24T18:34:36.935,1887,0,1,,,
1896,2026-05-24T18:34:36.951,1893,0,1,,,
1897,2026-05-24T18:34:36.951,1893,1,0,,,
1898,2026-05-24T18:34:36.951,1895,1,0,,,
1899,2026-05-24T18:34:36.951,1889,0,1,,,
1900,2026-05-24T18:34:36.951,1887,1,0,,,
1901,2026-05-24T18:34:36.967,1887,0,1,,,
1902,2026-05-24T18:34:36.967,1887,0,0,,,
1903,2026-05-24T18:34:36.967,1887,0,0,,,
1904,2026-05-24T18:34:36.967,1893,0,1,,,
1905,2026-05-24T18:34:36.967,1889,1,0,,,
1906,2026-05-24T18:34:36.967,1885,1,0,,,
1907,2026-05-24T18:34:36.983,1891,0,1,,,
1908,2026-05-24T18:34:36.983,1895,1,0,,,
1909,2026-05-24T18:34:36.984,1893,0,1,,,
1910,2026-05-24T18:34:36.984,1893,0,0,,,
1911,2026-05-24T18:34:36.984,1887,1,0,,,
1912,2026-05-24T18:34:36.984,1881,0,1,,,
1913,2026-05-24T18:34:37.000,1893,0,1,,,
1914,2026-05-24T18:34:37.000,1895,1,0,,,
1915,2026-05-24T18:34:37.000,1900,1,0,,,
1916,2026-05-24T18:34:37.000,1893,0,1,,,
1917,2026-05-24T18:34:37.000,1889,0,1,,,
1918,2026-05-24T18:34:37.000,1891,1,0,,,
1919,2026-05-24T18:34:37.015,1895,1,0,,,
1920,2026-05-24T18:34:37.015,1900,1,0,,,
1921,2026-05-24T18:34:37.015,1906,0,1,,,
1922,2026-05-24T18:34:37.015,1906,1,0,,,
1923,2026-05-24T18:34:37.015,1912,1,0,,,
1924,2026-05-24T18:34:37.030,1912,0,0,,,
1925,2026-05-24T18:34:37.030,1918,1,0,,,
1926,2026-05-24T18:34:37.030,1920,0,1,,,
1927,2026-05-24T18:34:37.032,1926,1,0,,,
1928,2026-05-24T18:34:37.032,1930,1,0,,,
1929,2026-05-24T18:34:37.032,1930,0,0,,,
1930,2026-05-24T18:34:37.047,1926,0,1,,,
1931,2026-05-24T18:34:37.047,1932,1,0,,,
1932,2026-05-24T18:34:37.047,1936,0,1,,,
1933,2026-05-24T18:34:37.047,1932,1,0,,,
1934,2026-05-24T18:34:37.047,1932,0,1,,,
1935,2026-05-24T18:34:37.047,1932,0,0,,,
1936,2026-05-24T18:34:37.063,1928,0,1,,,
1937,2026-05-24T18:34:37.063,1928,0,0,,,
1938,2026-05-24T18:34:37.063,1932,1,0,,,
1939,2026-05-24T18:34:37.063,1934,1,0,,,
1940,2026-05-24T18:34:37.063,1932,0,1,,,
1941,2026-05-24T18:34:37.063,1930,0,1,,,
1942,2026-05-24T18:34:37.079,1928,0,1,,,
1943,2026-05-24T18:34:37.079,1928,0,0,,,
1944,2026-05-24T18:34:37.079,1932,1,0,,,
1945,2026-05-24T18:34:37.079,1932,0,0,,,
1946,2026-05-24T18:34:37.079,1930,0,1,,,
1947,2026-05-24T18:34:37.095,1928,0,1,,,
1948,2026-05-24T18:34:37.095,1924,0,1,,,
1949,2026-05-24T18:34:37.095,1926,1,0,,,
1950,2026-05-24T18:34:37.095,1930,1,0,,,
1951,2026-05-24T18:34:37.095,1932,1,0,,,
1952,2026-05-24T18:34:37.095,1930,0,1,,,
1953,2026-05-24T18:34:37.111,1930,0,0,,,
1954,2026-05-24T18:34:37.111,1926,0,1,,,
1955,2026-05-24T18:34:37.111,1930,1,0,,,
1956,2026-05-24T18:34:37.111,1932,1,0,,,
1957,2026-05-24T18:34:37.111,1934,1,0,,,
1958,2026-05-24T18:34:37.111,1932,0,1,,,
1959,2026-05-24T18:34:37.127,1928,0,1,,,
1960,2026-05-24T18:34:37.127,1920,0,1,,,
1961,2026-05-24T18:34:37.127,1922,1,0,,,
1962,2026-05-24T18:34:37.127,1930,1,0,,,
1963,2026-05-24T18:34:37.127,1936,0,1,,,
1964,2026-05-24T18:34:37.127,1936,1,0,,,
1965,2026-05-24T18:34:37.143,1934,1,0,,,
1966,2026-05-24T18:34:37.143,1930,0,1,,,
1967,2026-05-24T18:34:37.143,1930,0,0,,,
1968,2026-05-24T18:34:37.143,1936,0,1,,,
1969,2026-05-24T18:34:37.143,1938,1,0,,,
1970,2026-05-24T18:34:37.143,1938,0,0,,,
1971,2026-05-24T18:34:37.159,1938,0,0,,,
1972,2026-05-24T18:34:37.160,1932,1,0,,,
1973,2026-05-24T18:34:37.160,1938,0,1,,,
1974,2026-05-24T18:34:37.160,1947,1,0,,,
1975,2026-05-24T18:34:37.160,1951,1,0,,,
1976,2026-05-24T18:34:37.175,1951,0,0,,,
1977,2026-05-24T18:34:37.175,1945,0,1,,,
1978,2026-05-24T18:34:37.175,1945,0,0,,,
1979,2026-05-24T18:34:37.175,1947,1,0,,,
1980,2026-05-24T18:34:37.175,1959,0,1,,,
1981,2026-05-24T18:34:37.175,1957,1,0,,,
1982,2026-05-24T18:34:37.192,1947,1,0,,,
1983,2026-05-24T18:34:37.192,1943,0,1,,,
1984,2026-05-24T18:34:37.192,1953,0,1,,,
1985,2026-05-24T18:34:37.192,1963,1,0,,,
1986,2026-05-24T18:34:37.192,1961,0,1,,,
1987,2026-05-24T18:34:37.192,1957,0,1,,,
1988,2026-05-24T18:34:37.208,1953,0,1,,,
1989,2026-05-24T18:34:37.208,1949,1,0,,,
1990,2026-05-24T18:34:37.208,1949,0,1,,,
1991,2026-05-24T18:34:37.208,1947,0,1,,,
1992,2026-05-24T18:34:37.208,1945,0,1,,,
1993,2026-05-24T18:34:37.208,1936,0,1,,,
1994,2026-05-24T18:34:37.223,1930,1,0,,,
1995,2026-05-24T18:34:37.223,1918,0,1,,,
1996,2026-05-24T18:34:37.223,1916,0,1,,,
1997,2026-05-24T18:34:37.223,1916,0,0,,,
1998,2026-05-24T18:34:37.223,1920,0,1,,,
1999,2026-05-24T18:34:37.238,1912,1,0,,,
2000,2026-05-24T18:34:37.238,1908,0,1,,,
2001,2026-05-24T18:34:37.238,1906,0,1,,,
2002,2026-05-24T18:34:37.238,1900,1,0,,,
2003,2026-05-24T18:34:37.238,1898,0,1,,,
2004,2026-05-24T18:34:37.238,1900,1,0,,,
2005,2026-05-24T18:34:37.255,1904,0,1,,,
2006,2026-05-24T18:34:37.255,1902,1,0,,,
2007,2026-05-24T18:34:37.255,1893,0,1,,,
2008,2026-05-24T18:34:37.255,1889,0,1,,,
2009,2026-05-24T18:34:37.255,1893,1,0,,,
2010,2026-05-24T18:34:37.255,1895,1,0,,,
2011,2026-05-24T18:34:37.271,1898,1,0,,,
2012,2026-05-24T18:34:37.271,1898,0,0,,,
2013,2026-05-24T18:34:37.272,1895,0,1,,,
2014,2026-05-24T18:34:37.272,1891,0,1,,,
2015,2026-05-24T18:34:37.272,1900,1,0,,,
2016,2026-05-24T18:34:37.272,1904,0,1,,,
2017,2026-05-24T18:34:37.287,1902,1,0,,,
2018,2026-05-24T18:34:37.288,1902,0,1,,,
2019,2026-05-24T18:34:37.288,1904,0,1,,,
2020,2026-05-24T18:34:37.288,1898,1,0,,,
2021,2026-05-24T18:34:37.288,1904,0,1,,,
2022,2026-05-24T18:34:37.303,1904,1,0,,,
2023,2026-05-24T18:34:37.303,1908,1,0,,,
2024,2026-05-24T18:34:37.303,1902,1,0,,,
2025,2026-05-24T18:34:37.303,1904,0,1,,,
2026,2026-05-24T18:34:37.303,1893,1,0,,,
2027,2026-05-24T18:34:37.303,1898,0,1,,,
2028,2026-05-24T18:34:37.319,1893,0,1,,,
2029,2026-05-24T18:34:37.319,1883,1,0,,,
2030,2026-05-24T18:34:37.319,1871,0,1,,,
2031,2026-05-24T18:34:37.319,1852,0,1,,,
2032,2026-05-24T18:34:37.319,1834,0,1,,,
2033,2026-05-24T18:34:37.319,1834,0,1,,,
2034,2026-05-24T18:34:37.336,1822,1,0,,,
2035,2026-05-24T18:34:37.336,1814,0,1,,,
2036,2026-05-24T18:34:37.336,1826,0,1,,,
2037,2026-05-24T18:34:37.336,1865,1,0,,,
2038,2026-05-24T18:34:37.336,1922,1,0,,,
2039,2026-05-24T18:34:37.336,1990,1,0,,,
2040,2026-05-24T18:34:37.351,2057,1,0,,,
2041,2026-05-24T18:34:37.351,2153,0,1,,,
2042,2026-05-24T18:34:37.351,2256,1,0,,,
2043,2026-05-24T18:34:37.351,2348,1,0,,,
2044,2026-05-24T18:34:37.351,2393,0,1,,,A
2045,2026-05-24T18:34:37.367,2405,1,0,,,
2046,2026-05-24T18:34:37.367,2348,1,0,,,
2047,2026-05-24T18:34:37.367,2211,0,1,,,
2048,2026-05-24T18:34:37.367,2037,1,0,,,
2049,2026-05-24T18:34:37.367,1910,1,0,,,
2050,2026-05-24T18:34:37.367,1850,0,1,,,
2051,2026-05-24T18:34:37.383,1855,0,1,,,
2052,2026-05-24T18:34:37.383,1877,0,1,,,
2053,2026-05-24T18:34:37.383,1893,1,0,,,
2054,2026-05-24T18:34:37.383,1898,1,0,,,
2055,2026-05-24T18:34:37.383,1889,0,1,,,
2056,2026-05-24T18:34:37.383,1883,1,0,,,
2057,2026-05-24T18:34:37.399,1891,0,1,,,
2058,2026-05-24T18:34:37.399,1887,1,0,,,
2059,2026-05-24T18:34:37.399,1893,0,1,,,
2060,2026-05-24T18:34:37.399,1889,1,0,,,
2061,2026-05-24T18:34:37.399,1885,1,0,,,
2062,2026-05-24T18:34:37.399,1881,0,1,,,
2063,2026-05-24T18:34:37.415,1887,1,0,,,
2064,2026-05-24T18:34:37.415,1891,0,1,,,
2065,2026-05-24T18:34:37.415,1889,1,0,,,
2066,2026-05-24T18:34:37.415,1889,0,0,,,
2067,2026-05-24T18:34:37.415,1885,1,0,,,
2068,2026-05-24T18:34:37.432,1883,0,1,,,
2069,2026-05-24T18:34:37.432,1881,0,1,,,
2070,2026-05-24T18:34:37.432,1883,1,0,,,
2071,2026-05-24T18:34:37.432,1887,1,0,,,
2072,2026-05-24T18:34:37.432,1887,0,0,,,
2073,2026-05-24T18:34:37.432,1885,0,1,,,
2074,2026-05-24T18:34:37.448,1883,0,1,,,
2075,2026-05-24T18:34:37.448,1887,1,0,,,
2076,2026-05-24T18:34:37.448,1889,0,1,,,
2077,2026-05-24T18:34:37.448,1887,1,0,,,
2078,2026-05-24T18:34:37.448,1889,0,1,,,
2079,2026-05-24T18:34:37.448,1879,1,0,,,
2080,2026-05-24T18:34:37.464,1875,0,1,,,
2081,2026-05-24T18:34:37.464,1881,1,0,,,
2082,2026-05-24T18:34:37.464,1879,0,1,,,
2083,2026-05-24T18:34:37.464,1887,1,0,,,
2084,2026-05-24T18:34:37.464,1887,0,0,,,
2085,2026-05-24T18:34:37.464,1887,0,0,,,
2086,2026-05-24T18:34:37.479,1883,0,1,,,
2087,2026-05-24T18:34:37.479,1883,0,0,,,
2088,2026-05-24T18:34:37.480,1887,1,0,,,
2089,2026-05-24T18:34:37.480,1893,0,1,,,
2090,2026-05-24T18:34:37.480,1891,1,0,,,
2091,2026-05-24T18:34:37.495,1885,1,0,,,
2092,2026-05-24T18:34:37.495,1883,0,1,,,
2093,2026-05-24T18:34:37.495,1887,1,0,,,
2094,2026-05-24T18:34:37.495,1883,0,1,,,
2095,2026-05-24T18:34:37.496,1887,1,0,,,
2096,2026-05-24T18:34:37.496,1885,0,1,,,
2097,2026-05-24T18:34:37.511,1879,0,1,,,
2098,2026-05-24T18:34:37.511,1877,0,1,,,
2099,2026-05-24T18:34:37.511,1881,1,0,,,
2100,2026-05-24T18:34:37.511,1889,0,1,,,
2101,2026-05-24T18:34:37.511,1889,1,0,,,
2102,2026-05-24T18:34:37.511,1891,1,0,,,
2103,2026-05-24T18:34:37.526,1883,1,0,,,
2104,2026-05-24T18:34:37.528,1883,0,1,,,
2105,2026-05-24T18:34:37.528,1885,1,0,,,
2106,2026-05-24T18:34:37.528,1887,1,0,,,
2107,2026-05-24T18:34:37.528,1891,0,1,,,
2108,2026-05-24T18:34:37.528,1893,1,0,,,
2109,2026-05-24T18:34:37.543,1885,1,0,,,
2110,2026-05-24T18:34:37.543,1885,0,1,,,
2111,2026-05-24T18:34:37.543,1889,0,1,,,
2112,2026-05-24T18:34:37.543,1891,1,0,,,
2113,2026-05-24T18:34:37.543,1893,1,0,,,
2114,2026-05-24T18:34:37.558,1889,0,1,,,
2115,2026-05-24T18:34:37.558,1887,1,0,,,
2116,2026-05-24T18:34:37.558,1883,0,1,,,
2117,2026-05-24T18:34:37.558,1883,0,0,,,
2118,2026-05-24T18:34:37.560,1889,0,1,,,
2119,2026-05-24T18:34:37.560,1891,1,0,,,
2120,2026-05-24T18:34:37.576,1885,1,0,,,
2121,2026-05-24T18:34:37.576,1887,0,1,,,
2122,2026-05-24T18:34:37.576,1883,0,1,,,
2123,2026-05-24T18:34:37.576,1885,1,0,,,
2124,2026-05-24T18:34:37.576,1889,0,1,,,
2125,2026-05-24T18:34:37.576,1891,1,0,,,
2126,2026-05-24T18:34:37.590,1889,0,1,,,
2127,2026-05-24T18:34:37.592,1885,1,0,,,
2128,2026-05-24T18:34:37.592,1881,0,1,,,
2129,2026-05-24T18:34:37.592,1883,1,0,,,
2130,2026-05-24T18:34:37.592,1887,1,0,,,
2131,2026-05-24T18:34:37.592,1891,0,1,,,
2132,2026-05-24T18:34:37.608,1891,1,0,,,
2133,2026-05-24T18:34:37.608,1889,0,1,,,
2134,2026-05-24T18:34:37.608,1881,1,0,,,
2135,2026-05-24T18:34:37.608,1885,0,1,,,
2136,2026-05-24T18:34:37.608,1883,0,1,,,
2137,2026-05-24T18:34:37.622,1887,1,0,,,
2138,2026-05-24T18:34:37.622,1883,0,1,,,
2139,2026-05-24T18:34:37.624,1881,0,1,,,
2140,2026-05-24T18:34:37.624,1873,0,1,,,
2141,2026-05-24T18:34:37.624,1875,1,0,,,
2142,2026-05-24T18:34:37.624,1881,1,0,,,
2143,2026-05-24T18:34:37.639,1883,1,0,,,
2144,2026-05-24T18:34:37.639,1881,0,1,,,
2145,2026-05-24T18:34:37.639,1881,0,0,,,
2146,2026-05-24T18:34:37.639,1877,0,1,,,
2147,2026-05-24T18:34:37.639,1883,1,0,,,
2148,2026-05-24T18:34:37.639,1887,1,0,,,
2149,2026-05-24T18:34:37.655,1891,0,1,,,
2150,2026-05-24T18:34:37.655,1889,1,0,,,
2151,2026-05-24T18:34:37.655,1885,1,0,,,
2152,2026-05-24T18:34:37.655,1881,0,1,,,
2153,2026-05-24T18:34:37.655,1887,1,0,,,
2154,2026-05-24T18:34:37.655,1895,0,1,,,
2155,2026-05-24T18:34:37.671,1895,1,0,,,
2156,2026-05-24T18:34:37.671,1895,0,0,,,
2157,2026-05-24T18:34:37.671,1889,0,1,,,
2158,2026-05-24T18:34:37.671,1895,1,0,,,
2159,2026-05-24T18:34:37.671,1902,1,0,,,
2160,2026-05-24T18:34:37.687,1906,0,1,,,
2161,2026-05-24T18:34:37.688,1908,1,0,,,
2162,2026-05-24T18:34:37.688,1910,1,0,,,
2163,2026-05-24T18:34:37.688,1908,0,1,,,
2164,2026-05-24T18:34:37.688,1902,1,0,,,
2165,2026-05-24T18:34:37.688,1910,0,1,,,
2166,2026-05-24T18:34:37.703,1914,1,0,,,
2167,2026-05-24T18:34:37.703,1920,0,1,,,
2168,2026-05-24T18:34:37.703,1922,1,0,,,
2169,2026-05-24T18:34:37.703,1922,0,0,,,
2170,2026-05-24T18:34:37.703,1916,1,0,,,
2171,2026-05-24T18:34:37.703,1918,0,1,,,
2172,2026-05-24T18:34:37.719,1920,0,1,,,
2173,2026-05-24T18:34:37.719,1922,1,0,,,
2174,2026-05-24T18:34:37.719,1922,0,0,,,
2175,2026-05-24T18:34:37.720,1912,1,0,,,
2176,2026-05-24T18:34:37.720,1914,0,1,,,
2177,2026-05-24T18:34:37.720,1906,0,1,,,
2178,2026-05-24T18:34:37.735,1914,1,0,,,
2179,2026-05-24T18:34:37.735,1918,1,0,,,
2180,2026-05-24T18:34:37.735,1918,0,0,,,
2181,2026-05-24T18:34:37.735,1922,0,1,,,
2182,2026-05-24T18:34:37.735,1920,1,0,,,
2183,2026-05-24T18:34:37.735,1920,0,0,,,
2184,2026-05-24T18:34:37.752,1924,1,0,,,
2185,2026-05-24T18:34:37.752,1922,0,1,,,
2186,2026-05-24T18:34:37.752,1922,0,0,,,
2187,2026-05-24T18:34:37.752,1918,1,0,,,
2188,2026-05-24T18:34:37.752,1916,0,1,,,
2189,2026-05-24T18:34:37.766,1914,0,1,,,
2190,2026-05-24T18:34:37.766,1918,1,0,,,
2191,2026-05-24T18:34:37.766,1922,0,1,,,
2192,2026-05-24T18:34:37.766,1918,1,0,,,
2193,2026-05-24T18:34:37.766,1914,0,1,,,
2194,2026-05-24T18:34:37.766,1914,0,0,,,
2195,2026-05-24T18:34:37.784,1912,0,1,,,
2196,2026-05-24T18:34:37.784,1918,1,0,,,
2197,2026-05-24T18:34:37.784,1918,0,0,,,
2198,2026-05-24T18:34:37.784,1920,0,1,,,
2199,2026-05-24T18:34:37.784,1912,1,0,,,
2200,2026-05-24T18:34:37.784,1908,0,1,,,
2201,2026-05-24T18:34:37.800,1910,1,0,,,
2202,2026-05-24T18:34:37.800,1912,1,0,,,
2203,2026-05-24T18:34:37.800,1906,0,1,,,
2204,2026-05-24T18:34:37.800,1902,1,0,,,
2205,2026-05-24T18:34:37.800,1898,0,1,,,
2206,2026-05-24T18:34:37.800,1895,0,1,,,
2207,2026-05-24T18:34:37.816,1906,0,1,,,
2208,2026-05-24T18:34:37.816,1908,1,0,,,
2209,2026-05-24T18:34:37.816,1908,0,0,,,
2210,2026-05-24T18:34:37.816,1906,0,1,,,
2211,2026-05-24T18:34:37.816,1900,1,0,,,
2212,2026-05-24T18:34:37.830,1898,0,1,,,
2213,2026-05-24T18:34:37.830,1900,1,0,,,
2214,2026-05-24T18:34:37.830,1900,0,0,,,
2215,2026-05-24T18:34:37.830,1906,0,1,,,
2216,2026-05-24T18:34:37.830,1902,1,0,,,
2217,2026-05-24T18:34:37.830,1898,0,1,,,
2218,2026-05-24T18:34:37.847,1904,0,1,,,
2219,2026-05-24T18:34:37.848,1900,1,0,,,
2220,2026-05-24T18:34:37.848,1904,0,1,,,
2221,2026-05-24T18:34:37.848,1908,1,0,,,
2222,2026-05-24T18:34:37.848,1906,0,1,,,
2223,2026-05-24T18:34:37.848,1902,1,0,,,
2224,2026-05-24T18:34:37.863,1895,0,1,,,
2225,2026-05-24T18:34:37.863,1904,0,1,,,
2226,2026-05-24T18:34:37.863,1904,1,0,,,
2227,2026-05-24T18:34:37.863,1904,0,0,,,
2228,2026-05-24T18:34:37.863,1906,1,0,,,
2229,2026-05-24T18:34:37.863,1904,0,1,,,
2230,2026-05-24T18:34:37.879,1902,1,0,,,
2231,2026-05-24T18:34:37.879,1900,0,1,,,
2232,2026-05-24T18:34:37.879,1906,0,1,,,
2233,2026-05-24T18:34:37.879,1902,1,0,,,
2234,2026-05-24T18:34:37.879,1904,0,1,,,
2235,2026-05-24T18:34:37.879,1900,1,0,,,
2236,2026-05-24T18:34:37.896,1895,0,1,,,
2237,2026-05-24T18:34:37.896,1902,1,0,,,
2238,2026-05-24T18:34:37.896,1902,0,0,,,
2239,2026-05-24T18:34:37.896,1904,0,1,,,
2240,2026-05-24T18:34:37.896,1902,1,0,,,
2241,2026-05-24T18:34:37.911,1900,0,1,,,
2242,2026-05-24T18:34:37.911,1887,1,0,,,
2243,2026-05-24T18:34:37.911,1889,0,1,,,
2244,2026-05-24T18:34:37.911,1900,1,0,,,
2245,2026-05-24T18:34:37.911,1900,0,0,,,
2246,2026-05-24T18:34:37.911,1895,0,1,,,
2247,2026-05-24T18:34:37.928,1895,0,0,,,
2248,2026-05-24T18:34:37.928,1887,1,0,,,
2249,2026-05-24T18:34:37.928,1893,0,1,,,
2250,2026-05-24T18:34:37.928,1895,1,0,,,
2251,2026-05-24T18:34:37.928,1904,0,1,,,
2252,2026-05-24T18:34:37.928,1908,1,0,,,
2253,2026-05-24T18:34:37.943,1906,0,1,,,
2254,2026-05-24T18:34:37.943,1900,1,0,,,
2255,2026-05-24T18:34:37.943,1900,0,1,,,
2256,2026-05-24T18:34:37.943,1904,0,1,,,
2257,2026-05-24T18:34:37.943,1904,1,0,,,
2258,2026-05-24T18:34:37.960,1910,1,0,,,
2259,2026-05-24T18:34:37.960,1900,1,0,,,
2260,2026-05-24T18:34:37.960,1898,0,1,,,
2261,2026-05-24T18:34:37.960,1898,0,0,,,
2262,2026-05-24T18:34:37.960,1900,1,0,,,
2263,2026-05-24T18:34:37.960,1900,0,0,,,
2264,2026-05-24T18:34:37.976,1898,0,1,,,
2265,2026-05-24T18:34:37.976,1893,0,1,,,
2266,2026-05-24T18:34:37.976,1889,0,1,,,
2267,2026-05-24T18:34:37.976,1889,0,0,,,
2268,2026-05-24T18:34:37.976,1898,1,0,,,
2269,2026-05-24T18:34:37.976,1895,0,1,,,
2270,2026-05-24T18:34:37.991,1893,0,1,,,
